_id,ปี พ.ศ.,เดือน,ประเภทรถ,ยี่ห้อ,รุ่น,จำนวน
1,2567,มิถุนายน,รถยนต์นั่งส่วนบุคคลไม่เกิน 7 คน,AION,AION ES,8
2,2567,มิถุนายน,รถยนต์นั่งส่วนบุคคลไม่เกิน 7 คน,AION,AION Y PLUS,587
3,2567,มิถุนายน,รถยนต์นั่งส่วนบุคคลไม่เกิน 7 คน,ASTON MARTIN,V8 VANTAGE COUPE,1
4,2567,มิถุนายน,รถยนต์นั่งส่วนบุคคลไม่เกิน 7 คน,AUDI,A3 SB 35 TFSI S line,1
5,2567,มิถุนายน,รถยนต์นั่งส่วนบุคคลไม่เกิน 7 คน,AUDI,A4 40 TFSI S line IB,2
6,2567,มิถุนายน,รถยนต์นั่งส่วนบุคคลไม่เกิน 7 คน,AUDI,A4 AV 45 TFSI q S line IB,2
7,2567,มิถุนายน,รถยนต์นั่งส่วนบุคคลไม่เกิน 7 คน,AUDI,A5 CP 40 TFSI S line,8
8,2567,มิถุนายน,รถยนต์นั่งส่วนบุคคลไม่เกิน 7 คน,AUDI,A5 CP 45 TFSI q S line BE,1
9,2567,มิถุนายน,รถยนต์นั่งส่วนบุคคลไม่เกิน 7 คน,AUDI,A5 SB 40 TFSI S line,8
10,2567,มิถุนายน,รถยนต์นั่งส่วนบุคคลไม่เกิน 7 คน,AUDI,A5 SB 40 TFSI S line eo,1
11,2567,มิถุนายน,รถยนต์นั่งส่วนบุคคลไม่เกิน 7 คน,AUDI,A5 SB 45 TFSI q S line BE,2
12,2567,มิถุนายน,รถยนต์นั่งส่วนบุคคลไม่เกิน 7 คน,AUDI,A6 40 TFSI S line,1
13,2567,มิถุนายน,รถยนต์นั่งส่วนบุคคลไม่เกิน 7 คน,AUDI,A7 SB 55 TFSIe q Sline BE,1
14,2567,มิถุนายน,รถยนต์นั่งส่วนบุคคลไม่เกิน 7 คน,AUDI,A8 L 55 TFSI q Premium,1
15,2567,มิถุนายน,รถยนต์นั่งส่วนบุคคลไม่เกิน 7 คน,AUDI,e-tron 55 q,2
16,2567,มิถุนายน,รถยนต์นั่งส่วนบุคคลไม่เกิน 7 คน,AUDI,Q3 35 TFSI S line,2
17,2567,มิถุนายน,รถยนต์นั่งส่วนบุคคลไม่เกิน 7 คน,AUDI,Q3 40 TFSI q S line BE,1
18,2567,มิถุนายน,รถยนต์นั่งส่วนบุคคลไม่เกิน 7 คน,AUDI,Q3 SB 40 TFSI q S line BE,2
19,2567,มิถุนายน,รถยนต์นั่งส่วนบุคคลไม่เกิน 7 คน,AUDI,Q5 55 TFSI e q S line,1
20,2567,มิถุนายน,รถยนต์นั่งส่วนบุคคลไม่เกิน 7 คน,AUDI,Q5 55 TFSI e q S line BE,2
21,2567,มิถุนายน,รถยนต์นั่งส่วนบุคคลไม่เกิน 7 คน,AUDI,Q5 SB 55 TFSIe q S lineBE,1
22,2567,มิถุนายน,รถยนต์นั่งส่วนบุคคลไม่เกิน 7 คน,AUDI,Q8 60 TFSI e q S line BE,8
23,2567,มิถุนายน,รถยนต์นั่งส่วนบุคคลไม่เกิน 7 คน,AUDI,Q8 etron 55 q BE,1
24,2567,มิถุนายน,รถยนต์นั่งส่วนบุคคลไม่เกิน 7 คน,AUDI,Q8 SB etron 55 q Sline BE,2
25,2567,มิถุนายน,รถยนต์นั่งส่วนบุคคลไม่เกิน 7 คน,AUDI,RS 3 Sportback quattro,2
26,2567,มิถุนายน,รถยนต์นั่งส่วนบุคคลไม่เกิน 7 คน,AUDI,RS 4 Avant q competition,1
27,2567,มิถุนายน,รถยนต์นั่งส่วนบุคคลไม่เกิน 7 คน,AUDI,RS 5 Coupe quattro,1
28,2567,มิถุนายน,รถยนต์นั่งส่วนบุคคลไม่เกิน 7 คน,AUDI,S3 Sportback quattro,1
29,2567,มิถุนายน,รถยนต์นั่งส่วนบุคคลไม่เกิน 7 คน,AUDI,TT Coupe 45 TFSI q S line,1
30,2567,มิถุนายน,รถยนต์นั่งส่วนบุคคลไม่เกิน 7 คน,AUDI,TT Coupe Final Icon Black,6
31,2567,มิถุนายน,รถยนต์นั่งส่วนบุคคลไม่เกิน 7 คน,AUDI,TT RD Final Icon Black,1
32,2567,มิถุนายน,รถยนต์นั่งส่วนบุคคลไม่เกิน 7 คน,AUDI,TT RS Coupe q,1
33,2567,มิถุนายน,รถยนต์นั่งส่วนบุคคลไม่เกิน 7 คน,AUDI,TT RS Heritage Edition,3
34,2567,มิถุนายน,รถยนต์นั่งส่วนบุคคลไม่เกิน 7 คน,BENTLEY,BENTAYGA HYBRID,4
35,2567,มิถุนายน,รถยนต์นั่งส่วนบุคคลไม่เกิน 7 คน,BENTLEY,BENTAYGA S HYBRID,1
36,2567,มิถุนายน,รถยนต์นั่งส่วนบุคคลไม่เกิน 7 คน,BENTLEY,CONTINENTAL GT V8,1
37,2567,มิถุนายน,รถยนต์นั่งส่วนบุคคลไม่เกิน 7 คน,BENTLEY,FLYING SPUR AZURE HYBRID,1
38,2567,มิถุนายน,รถยนต์นั่งส่วนบุคคลไม่เกิน 7 คน,BMW,220i Gran Coupe M Sport,85
39,2567,มิถุนายน,รถยนต์นั่งส่วนบุคคลไม่เกิน 7 คน,BMW,320d M Sport,135
40,2567,มิถุนายน,รถยนต์นั่งส่วนบุคคลไม่เกิน 7 คน,BMW,320Li,2
41,2567,มิถุนายน,รถยนต์นั่งส่วนบุคคลไม่เกิน 7 คน,BMW,320Li Limousine LWB RHD,24
42,2567,มิถุนายน,รถยนต์นั่งส่วนบุคคลไม่เกิน 7 คน,BMW,330e M Sport,80
43,2567,มิถุนายน,รถยนต์นั่งส่วนบุคคลไม่เกิน 7 คน,BMW,330Li,7
44,2567,มิถุนายน,รถยนต์นั่งส่วนบุคคลไม่เกิน 7 คน,BMW,330Li Limousine RHD,1
45,2567,มิถุนายน,รถยนต์นั่งส่วนบุคคลไม่เกิน 7 คน,BMW,420i Coupe RHD,2
46,2567,มิถุนายน,รถยนต์นั่งส่วนบุคคลไม่เกิน 7 คน,BMW,420I CABRIO RHD,1
47,2567,มิถุนายน,รถยนต์นั่งส่วนบุคคลไม่เกิน 7 คน,BMW,430i Cabrio RHD,4
48,2567,มิถุนายน,รถยนต์นั่งส่วนบุคคลไม่เกิน 7 คน,BMW,430i Coupe RHD,23
49,2567,มิถุนายน,รถยนต์นั่งส่วนบุคคลไม่เกิน 7 คน,BMW,520d M Sport,62
50,2567,มิถุนายน,รถยนต์นั่งส่วนบุคคลไม่เกิน 7 คน,BMW,520d M Sport Pro,19
51,2567,มิถุนายน,รถยนต์นั่งส่วนบุคคลไม่เกิน 7 คน,BMW,530e Elite,2
52,2567,มิถุนายน,รถยนต์นั่งส่วนบุคคลไม่เกิน 7 คน,BMW,530e Luxury,23
53,2567,มิถุนายน,รถยนต์นั่งส่วนบุคคลไม่เกิน 7 คน,BMW,530e M Sport,57
54,2567,มิถุนายน,รถยนต์นั่งส่วนบุคคลไม่เกิน 7 คน,BMW,530e M Sport Pro,31
55,2567,มิถุนายน,รถยนต์นั่งส่วนบุคคลไม่เกิน 7 คน,BMW,630i Gran Turismo RHD,24
56,2567,มิถุนายน,รถยนต์นั่งส่วนบุคคลไม่เกิน 7 คน,BMW,730Ld M Sport,1
57,2567,มิถุนายน,รถยนต์นั่งส่วนบุคคลไม่เกิน 7 คน,BMW,740d M Sport,6
58,2567,มิถุนายน,รถยนต์นั่งส่วนบุคคลไม่เกิน 7 คน,BMW,745Le xDrive M Sport,2
59,2567,มิถุนายน,รถยนต์นั่งส่วนบุคคลไม่เกิน 7 คน,BMW,750e xDrive M Sport,7
60,2567,มิถุนายน,รถยนต์นั่งส่วนบุคคลไม่เกิน 7 คน,BMW,i4 eDrive35 Gran Coupe RH,12
61,2567,มิถุนายน,รถยนต์นั่งส่วนบุคคลไม่เกิน 7 คน,BMW,i4 M50 Gran Coupe RHD,2
62,2567,มิถุนายน,รถยนต์นั่งส่วนบุคคลไม่เกิน 7 คน,BMW,i5 eDrive40 RHD,6
63,2567,มิถุนายน,รถยนต์นั่งส่วนบุคคลไม่เกิน 7 คน,BMW,i5 M60 xDrive RHD,7
64,2567,มิถุนายน,รถยนต์นั่งส่วนบุคคลไม่เกิน 7 คน,BMW,i7 xDrive60 Limousine RHD,3
65,2567,มิถุนายน,รถยนต์นั่งส่วนบุคคลไม่เกิน 7 คน,BMW,iX xDrive40 RHD,21
66,2567,มิถุนายน,รถยนต์นั่งส่วนบุคคลไม่เกิน 7 คน,BMW,iX xDrive50 RHD,4
67,2567,มิถุนายน,รถยนต์นั่งส่วนบุคคลไม่เกิน 7 คน,BMW,iX2 xDrive30 RHD,6
68,2567,มิถุนายน,รถยนต์นั่งส่วนบุคคลไม่เกิน 7 คน,BMW,iX3 M Sport RHD,80
69,2567,มิถุนายน,รถยนต์นั่งส่วนบุคคลไม่เกิน 7 คน,BMW,M2 Coupe RHD MX,6
70,2567,มิถุนายน,รถยนต์นั่งส่วนบุคคลไม่เกิน 7 คน,BMW,M240i xDrive Coupe RHD MX,3
71,2567,มิถุนายน,รถยนต์นั่งส่วนบุคคลไม่เกิน 7 คน,BMW,M340i xDrive,13
72,2567,มิถุนายน,รถยนต์นั่งส่วนบุคคลไม่เกิน 7 คน,BMW,M440i xDrive Coupe RHD,1
73,2567,มิถุนายน,รถยนต์นั่งส่วนบุคคลไม่เกิน 7 คน,BMW,M760e xDrive,6
74,2567,มิถุนายน,รถยนต์นั่งส่วนบุคคลไม่เกิน 7 คน,BMW,X1 sDrive18i,3
75,2567,มิถุนายน,รถยนต์นั่งส่วนบุคคลไม่เกิน 7 คน,BMW,X1 sDrive20d M Sport,2
76,2567,มิถุนายน,รถยนต์นั่งส่วนบุคคลไม่เกิน 7 คน,BMW,X1 sDrive20d xLine,9
77,2567,มิถุนายน,รถยนต์นั่งส่วนบุคคลไม่เกิน 7 คน,BMW,X1 sDrive20i M Sport,94
78,2567,มิถุนายน,รถยนต์นั่งส่วนบุคคลไม่เกิน 7 คน,BMW,X1 sDrive20i xLine,31
79,2567,มิถุนายน,รถยนต์นั่งส่วนบุคคลไม่เกิน 7 คน,BMW,X1 sDrive30e M Sport,2
80,2567,มิถุนายน,รถยนต์นั่งส่วนบุคคลไม่เกิน 7 คน,BMW,X1 xDrive30e,3
81,2567,มิถุนายน,รถยนต์นั่งส่วนบุคคลไม่เกิน 7 คน,BMW,X3 xDrive20d M Sport,62
82,2567,มิถุนายน,รถยนต์นั่งส่วนบุคคลไม่เกิน 7 คน,BMW,X3 xDrive30e M Sport,29
83,2567,มิถุนายน,รถยนต์นั่งส่วนบุคคลไม่เกิน 7 คน,BMW,X4 xDrive20d RHD,37
84,2567,มิถุนายน,รถยนต์นั่งส่วนบุคคลไม่เกิน 7 คน,BMW,X4 xDrive20i M Sport,1
85,2567,มิถุนายน,รถยนต์นั่งส่วนบุคคลไม่เกิน 7 คน,BMW,X5 xDrive30d M Sport,28
86,2567,มิถุนายน,รถยนต์นั่งส่วนบุคคลไม่เกิน 7 คน,BMW,X5 xDrive30d xLine,1
87,2567,มิถุนายน,รถยนต์นั่งส่วนบุคคลไม่เกิน 7 คน,BMW,X5 xDrive45e M Sport,10
88,2567,มิถุนายน,รถยนต์นั่งส่วนบุคคลไม่เกิน 7 คน,BMW,X5 xDrive50e RHD,24
89,2567,มิถุนายน,รถยนต์นั่งส่วนบุคคลไม่เกิน 7 คน,BMW,X6 xDrive40i M Sport,20
90,2567,มิถุนายน,รถยนต์นั่งส่วนบุคคลไม่เกิน 7 คน,BMW,X7 xDrive30d M Sport,1
91,2567,มิถุนายน,รถยนต์นั่งส่วนบุคคลไม่เกิน 7 คน,BMW,X7 xDrive40d M Sport,22
92,2567,มิถุนายน,รถยนต์นั่งส่วนบุคคลไม่เกิน 7 คน,BMW,XM 50e RHD,7
93,2567,มิถุนายน,รถยนต์นั่งส่วนบุคคลไม่เกิน 7 คน,BMW,XM RHD,1
94,2567,มิถุนายน,รถยนต์นั่งส่วนบุคคลไม่เกิน 7 คน,BMW,Z4 M40i RHD,2
95,2567,มิถุนายน,รถยนต์นั่งส่วนบุคคลไม่เกิน 7 คน,BMW,Z4 sDrive30i RHD,11
96,2567,มิถุนายน,รถยนต์นั่งส่วนบุคคลไม่เกิน 7 คน,BMW,,1
97,2567,มิถุนายน,รถยนต์นั่งส่วนบุคคลไม่เกิน 7 คน,BYD,BYD ATTO 3,387
98,2567,มิถุนายน,รถยนต์นั่งส่วนบุคคลไม่เกิน 7 คน,BYD,BYD ATTO 3 (410KM),1
99,2567,มิถุนายน,รถยนต์นั่งส่วนบุคคลไม่เกิน 7 คน,BYD,BYD ATTO3 (410KM-DYNAMIC),88
100,2567,มิถุนายน,รถยนต์นั่งส่วนบุคคลไม่เกิน 7 คน,BYD,BYD ATTO3 (410KM-PREMIUM),80
101,2567,มิถุนายน,รถยนต์นั่งส่วนบุคคลไม่เกิน 7 คน,BYD,BYD ATTO3 (480KM-EXT),263
102,2567,มิถุนายน,รถยนต์นั่งส่วนบุคคลไม่เกิน 7 คน,BYD,BYD DOLPHIN EXD,169
103,2567,มิถุนายน,รถยนต์นั่งส่วนบุคคลไม่เกิน 7 คน,BYD,BYD DOLPHIN STD,585
104,2567,มิถุนายน,รถยนต์นั่งส่วนบุคคลไม่เกิน 7 คน,BYD,BYD SEAL EXD AWD,28
105,2567,มิถุนายน,รถยนต์นั่งส่วนบุคคลไม่เกิน 7 คน,BYD,BYD SEAL EXD RWD,127
106,2567,มิถุนายน,รถยนต์นั่งส่วนบุคคลไม่เกิน 7 คน,BYD,BYD SEAL STD RWD,94
107,2567,มิถุนายน,รถยนต์นั่งส่วนบุคคลไม่เกิน 7 คน,BYD,E6,1
108,2567,มิถุนายน,รถยนต์นั่งส่วนบุคคลไม่เกิน 7 คน,CHANGAN,LUMIN,6
109,2567,มิถุนายน,รถยนต์นั่งส่วนบุคคลไม่เกิน 7 คน,CHEVROLET,CAPTIVA,2
110,2567,มิถุนายน,รถยนต์นั่งส่วนบุคคลไม่เกิน 7 คน,DEEPAL,L07,62
111,2567,มิถุนายน,รถยนต์นั่งส่วนบุคคลไม่เกิน 7 คน,DEEPAL,S07,703
112,2567,มิถุนายน,รถยนต์นั่งส่วนบุคคลไม่เกิน 7 คน,FERRARI,296 GTB,1
113,2567,มิถุนายน,รถยนต์นั่งส่วนบุคคลไม่เกิน 7 คน,FERRARI,296 GTS,3
114,2567,มิถุนายน,รถยนต์นั่งส่วนบุคคลไม่เกิน 7 คน,FERRARI,F8 TRIBUTO,1
115,2567,มิถุนายน,รถยนต์นั่งส่วนบุคคลไม่เกิน 7 คน,FERRARI,ROMA,1
116,2567,มิถุนายน,รถยนต์นั่งส่วนบุคคลไม่เกิน 7 คน,FORD,EVEREST,903
117,2567,มิถุนายน,รถยนต์นั่งส่วนบุคคลไม่เกิน 7 คน,FORD,MUSTANG,1
118,2567,มิถุนายน,รถยนต์นั่งส่วนบุคคลไม่เกิน 7 คน,FORD,MUSTANG 2.3L ECOBOOST FASTBACK,2
119,2567,มิถุนายน,รถยนต์นั่งส่วนบุคคลไม่เกิน 7 คน,FORD,RANGER,1074
120,2567,มิถุนายน,รถยนต์นั่งส่วนบุคคลไม่เกิน 7 คน,FORD,RANGER RAPTOR,203
121,2567,มิถุนายน,รถยนต์นั่งส่วนบุคคลไม่เกิน 7 คน,GWM TANK,300 HYBRID,73
122,2567,มิถุนายน,รถยนต์นั่งส่วนบุคคลไม่เกิน 7 คน,GWM TANK,500 HYBRID,21
123,2567,มิถุนายน,รถยนต์นั่งส่วนบุคคลไม่เกิน 7 คน,HAVAL,H6 HEV PRO,17
124,2567,มิถุนายน,รถยนต์นั่งส่วนบุคคลไม่เกิน 7 คน,HAVAL,H6 HEV ULTRA,73
125,2567,มิถุนายน,รถยนต์นั่งส่วนบุคคลไม่เกิน 7 คน,HAVAL,H6 PLUG-IN HYBRID,53
126,2567,มิถุนายน,รถยนต์นั่งส่วนบุคคลไม่เกิน 7 คน,HAVAL,JOLION HYBRID,211
127,2567,มิถุนายน,รถยนต์นั่งส่วนบุคคลไม่เกิน 7 คน,HONDA,ACCORD,259
128,2567,มิถุนายน,รถยนต์นั่งส่วนบุคคลไม่เกิน 7 คน,HONDA,ACCORD HYBRID,1
129,2567,มิถุนายน,รถยนต์นั่งส่วนบุคคลไม่เกิน 7 คน,HONDA,BR-V,30
130,2567,มิถุนายน,รถยนต์นั่งส่วนบุคคลไม่เกิน 7 คน,HONDA,CITY,1493
131,2567,มิถุนายน,รถยนต์นั่งส่วนบุคคลไม่เกิน 7 คน,HONDA,CITY HATCHBACK,1544
132,2567,มิถุนายน,รถยนต์นั่งส่วนบุคคลไม่เกิน 7 คน,HONDA,CIVIC,962
133,2567,มิถุนายน,รถยนต์นั่งส่วนบุคคลไม่เกิน 7 คน,HONDA,CIVIC TYPE R,7
134,2567,มิถุนายน,รถยนต์นั่งส่วนบุคคลไม่เกิน 7 คน,HONDA,CIVIC TYPE R SPOON,2
135,2567,มิถุนายน,รถยนต์นั่งส่วนบุคคลไม่เกิน 7 คน,HONDA,CR-V,961
136,2567,มิถุนายน,รถยนต์นั่งส่วนบุคคลไม่เกิน 7 คน,HONDA,e:N1,2
137,2567,มิถุนายน,รถยนต์นั่งส่วนบุคคลไม่เกิน 7 คน,HONDA,ELEVATE,1
138,2567,มิถุนายน,รถยนต์นั่งส่วนบุคคลไม่เกิน 7 คน,HONDA,HR-V,2388
139,2567,มิถุนายน,รถยนต์นั่งส่วนบุคคลไม่เกิน 7 คน,HONDA,JAZZ,1
140,2567,มิถุนายน,รถยนต์นั่งส่วนบุคคลไม่เกิน 7 คน,HONDA,JAZZ'15,1
141,2567,มิถุนายน,รถยนต์นั่งส่วนบุคคลไม่เกิน 7 คน,HONDA,ODYSSEY e-HEV ABSOLUTE EX,3
142,2567,มิถุนายน,รถยนต์นั่งส่วนบุคคลไม่เกิน 7 คน,HONDA,S660 ALPHA,1
143,2567,มิถุนายน,รถยนต์นั่งส่วนบุคคลไม่เกิน 7 คน,HONDA,STEP WGN e-HEV SPADA,1
144,2567,มิถุนายน,รถยนต์นั่งส่วนบุคคลไม่เกิน 7 คน,HONDA,STEP WGN e-HEV SPADA PREMIUM,20
145,2567,มิถุนายน,รถยนต์นั่งส่วนบุคคลไม่เกิน 7 คน,HONDA,STEP WGN SPADA HYBRID PREMIUM,1
146,2567,มิถุนายน,รถยนต์นั่งส่วนบุคคลไม่เกิน 7 คน,HONDA,STEPWAGON e:HEV SPADA PREMIUM,1
147,2567,มิถุนายน,รถยนต์นั่งส่วนบุคคลไม่เกิน 7 คน,HONDA,STEPWGN SPADA,1
148,2567,มิถุนายน,รถยนต์นั่งส่วนบุคคลไม่เกิน 7 คน,HONDA,WR-V,116
149,2567,มิถุนายน,รถยนต์นั่งส่วนบุคคลไม่เกิน 7 คน,HYUNDAI,CRETA,67
150,2567,มิถุนายน,รถยนต์นั่งส่วนบุคคลไม่เกิน 7 คน,HYUNDAI,IONIQ5,1
151,2567,มิถุนายน,รถยนต์นั่งส่วนบุคคลไม่เกิน 7 คน,HYUNDAI,STARGAZER,173
152,2567,มิถุนายน,รถยนต์นั่งส่วนบุคคลไม่เกิน 7 คน,ISUZU,D-MAX,2513
153,2567,มิถุนายน,รถยนต์นั่งส่วนบุคคลไม่เกิน 7 คน,ISUZU,MU-X,929
154,2567,มิถุนายน,รถยนต์นั่งส่วนบุคคลไม่เกิน 7 คน,ISUZU,TFR86JCQH5 (P),1
155,2567,มิถุนายน,รถยนต์นั่งส่วนบุคคลไม่เกิน 7 คน,JEEP,WRANGLER RUBICON,1
156,2567,มิถุนายน,รถยนต์นั่งส่วนบุคคลไม่เกิน 7 คน,JEEP,WRANGLER RUBICON 4 DOOR,1
157,2567,มิถุนายน,รถยนต์นั่งส่วนบุคคลไม่เกิน 7 คน,LAMBORGHINI,HURACAN EVO,2
158,2567,มิถุนายน,รถยนต์นั่งส่วนบุคคลไม่เกิน 7 คน,LAMBORGHINI,HURACAN TECNICA,1
159,2567,มิถุนายน,รถยนต์นั่งส่วนบุคคลไม่เกิน 7 คน,LAMBORGHINI,URUS S,1
160,2567,มิถุนายน,รถยนต์นั่งส่วนบุคคลไม่เกิน 7 คน,LAND ROVER,DEFENDER 2.0L T/C AWD AUTO SE,1
161,2567,มิถุนายน,รถยนต์นั่งส่วนบุคคลไม่เกิน 7 คน,LAND ROVER,DEFENDER 2.0L T/C PETROL PHEV,11
162,2567,มิถุนายน,รถยนต์นั่งส่วนบุคคลไม่เกิน 7 คน,LAND ROVER,DEFENDER 3.0 LITRE T/C MHEV,2
163,2567,มิถุนายน,รถยนต์นั่งส่วนบุคคลไม่เกิน 7 คน,LAND ROVER,RANGE ROVER 3.0 LITRE T/C,5
164,2567,มิถุนายน,รถยนต์นั่งส่วนบุคคลไม่เกิน 7 คน,LAND ROVER,RANGE ROVER EVOQUE 1.5LITRE,2
165,2567,มิถุนายน,รถยนต์นั่งส่วนบุคคลไม่เกิน 7 คน,LAND ROVER,RANGE ROVER SPORT 2.0L T/C,1
166,2567,มิถุนายน,รถยนต์นั่งส่วนบุคคลไม่เกิน 7 คน,LEXUS,ES300H,3
167,2567,มิถุนายน,รถยนต์นั่งส่วนบุคคลไม่เกิน 7 คน,LEXUS,IS300H,3
168,2567,มิถุนายน,รถยนต์นั่งส่วนบุคคลไม่เกิน 7 คน,LEXUS,LBX,3
169,2567,มิถุนายน,รถยนต์นั่งส่วนบุคคลไม่เกิน 7 คน,LEXUS,LM300h,4
170,2567,มิถุนายน,รถยนต์นั่งส่วนบุคคลไม่เกิน 7 คน,LEXUS,LM350H,49
171,2567,มิถุนายน,รถยนต์นั่งส่วนบุคคลไม่เกิน 7 คน,LEXUS,LM350H 2.5L,1
172,2567,มิถุนายน,รถยนต์นั่งส่วนบุคคลไม่เกิน 7 คน,LEXUS,NX350H,6
173,2567,มิถุนายน,รถยนต์นั่งส่วนบุคคลไม่เกิน 7 คน,LEXUS,NX450H+,11
174,2567,มิถุนายน,รถยนต์นั่งส่วนบุคคลไม่เกิน 7 คน,LEXUS,RX350H,8
175,2567,มิถุนายน,รถยนต์นั่งส่วนบุคคลไม่เกิน 7 คน,LEXUS,RX450H+,14
176,2567,มิถุนายน,รถยนต์นั่งส่วนบุคคลไม่เกิน 7 คน,LEXUS,RX500H,4
177,2567,มิถุนายน,รถยนต์นั่งส่วนบุคคลไม่เกิน 7 คน,LEXUS,RZ450E,2
178,2567,มิถุนายน,รถยนต์นั่งส่วนบุคคลไม่เกิน 7 คน,LEXUS,UX250H,1
179,2567,มิถุนายน,รถยนต์นั่งส่วนบุคคลไม่เกิน 7 คน,LEXUS,UX300H,2
180,2567,มิถุนายน,รถยนต์นั่งส่วนบุคคลไม่เกิน 7 คน,LOTUS,ELETRE R,5
181,2567,มิถุนายน,รถยนต์นั่งส่วนบุคคลไม่เกิน 7 คน,LOTUS,ELETRE S,5
182,2567,มิถุนายน,รถยนต์นั่งส่วนบุคคลไม่เกิน 7 คน,MASERATI,GHIBLI GT HYBRID,3
183,2567,มิถุนายน,รถยนต์นั่งส่วนบุคคลไม่เกิน 7 คน,MASERATI,GRECALE GT HYBRID,1
184,2567,มิถุนายน,รถยนต์นั่งส่วนบุคคลไม่เกิน 7 คน,MASERATI,GRECALE TROFEO,1
185,2567,มิถุนายน,รถยนต์นั่งส่วนบุคคลไม่เกิน 7 คน,MASERATI,LEVANTE DIESEL GRANSPORT,1
186,2567,มิถุนายน,รถยนต์นั่งส่วนบุคคลไม่เกิน 7 คน,MASERATI,LEVANTE GRANLUSSO,1
187,2567,มิถุนายน,รถยนต์นั่งส่วนบุคคลไม่เกิน 7 คน,MAZDA,MAZDA 2,566
188,2567,มิถุนายน,รถยนต์นั่งส่วนบุคคลไม่เกิน 7 คน,MAZDA,MAZDA 3,60
189,2567,มิถุนายน,รถยนต์นั่งส่วนบุคคลไม่เกิน 7 คน,MAZDA,MAZDA BT-50,99
190,2567,มิถุนายน,รถยนต์นั่งส่วนบุคคลไม่เกิน 7 คน,MAZDA,MAZDA CX-3,120
191,2567,มิถุนายน,รถยนต์นั่งส่วนบุคคลไม่เกิน 7 คน,MAZDA,MAZDA CX-30,271
192,2567,มิถุนายน,รถยนต์นั่งส่วนบุคคลไม่เกิน 7 คน,MAZDA,MAZDA CX-5,29
193,2567,มิถุนายน,รถยนต์นั่งส่วนบุคคลไม่เกิน 7 คน,MAZDA,MAZDA CX-8,46
194,2567,มิถุนายน,รถยนต์นั่งส่วนบุคคลไม่เกิน 7 คน,MAZDA,ROADSTER NR-A,1
195,2567,มิถุนายน,รถยนต์นั่งส่วนบุคคลไม่เกิน 7 คน,MAZDA,ROADSTER RF VS,1
196,2567,มิถุนายน,รถยนต์นั่งส่วนบุคคลไม่เกิน 7 คน,MCLAREN,ARTURA-COUPE,1
197,2567,มิถุนายน,รถยนต์นั่งส่วนบุคคลไม่เกิน 7 คน,MERCEDES BENZ,A 200,33
198,2567,มิถุนายน,รถยนต์นั่งส่วนบุคคลไม่เกิน 7 คน,MERCEDES BENZ,AMG C43 4MATIC Coupe,3
199,2567,มิถุนายน,รถยนต์นั่งส่วนบุคคลไม่เกิน 7 คน,MERCEDES BENZ,AMG CLS 53 4MATIC,11
200,2567,มิถุนายน,รถยนต์นั่งส่วนบุคคลไม่เกิน 7 คน,MERCEDES BENZ,AMG G 63,2
201,2567,มิถุนายน,รถยนต์นั่งส่วนบุคคลไม่เกิน 7 คน,MERCEDES BENZ,AMG GLA 35 4MATIC,6
202,2567,มิถุนายน,รถยนต์นั่งส่วนบุคคลไม่เกิน 7 คน,MERCEDES BENZ,AMG GLC 43 4MATIC Coupe,8
203,2567,มิถุนายน,รถยนต์นั่งส่วนบุคคลไม่เกิน 7 คน,MERCEDES BENZ,AMG GLE 53 4MATIC+,4
204,2567,มิถุนายน,รถยนต์นั่งส่วนบุคคลไม่เกิน 7 คน,MERCEDES BENZ,C 200 Coupe,16
205,2567,มิถุนายน,รถยนต์นั่งส่วนบุคคลไม่เกิน 7 คน,MERCEDES BENZ,C 220 d,104
206,2567,มิถุนายน,รถยนต์นั่งส่วนบุคคลไม่เกิน 7 คน,MERCEDES BENZ,C 300 e,7
207,2567,มิถุนายน,รถยนต์นั่งส่วนบุคคลไม่เกิน 7 คน,MERCEDES BENZ,C 350 e,44
208,2567,มิถุนายน,รถยนต์นั่งส่วนบุคคลไม่เกิน 7 คน,MERCEDES BENZ,C250 COUPE,1
209,2567,มิถุนายน,รถยนต์นั่งส่วนบุคคลไม่เกิน 7 คน,MERCEDES BENZ,CLS 220 d,38
210,2567,มิถุนายน,รถยนต์นั่งส่วนบุคคลไม่เกิน 7 คน,MERCEDES BENZ,CLS 300 d,5
211,2567,มิถุนายน,รถยนต์นั่งส่วนบุคคลไม่เกิน 7 คน,MERCEDES BENZ,E 200 Coupe,3
212,2567,มิถุนายน,รถยนต์นั่งส่วนบุคคลไม่เกิน 7 คน,MERCEDES BENZ,E 220 d,43
213,2567,มิถุนายน,รถยนต์นั่งส่วนบุคคลไม่เกิน 7 คน,MERCEDES BENZ,E 300 e,86
214,2567,มิถุนายน,รถยนต์นั่งส่วนบุคคลไม่เกิน 7 คน,MERCEDES BENZ,E 350 e,5
215,2567,มิถุนายน,รถยนต์นั่งส่วนบุคคลไม่เกิน 7 คน,MERCEDES BENZ,EQB 250,1
216,2567,มิถุนายน,รถยนต์นั่งส่วนบุคคลไม่เกิน 7 คน,MERCEDES BENZ,EQE 350 4MATIC SUV,2
217,2567,มิถุนายน,รถยนต์นั่งส่วนบุคคลไม่เกิน 7 คน,MERCEDES BENZ,EQS 450+,1
218,2567,มิถุนายน,รถยนต์นั่งส่วนบุคคลไม่เกิน 7 คน,MERCEDES BENZ,EQS 500 4MATIC,7
219,2567,มิถุนายน,รถยนต์นั่งส่วนบุคคลไม่เกิน 7 คน,MERCEDES BENZ,G 350 d,1
220,2567,มิถุนายน,รถยนต์นั่งส่วนบุคคลไม่เกิน 7 คน,MERCEDES BENZ,G400 D,7
221,2567,มิถุนายน,รถยนต์นั่งส่วนบุคคลไม่เกิน 7 คน,MERCEDES BENZ,G400 D AMG,1
222,2567,มิถุนายน,รถยนต์นั่งส่วนบุคคลไม่เกิน 7 คน,MERCEDES BENZ,G400 D PROFESSIONAL,2
223,2567,มิถุนายน,รถยนต์นั่งส่วนบุคคลไม่เกิน 7 คน,MERCEDES BENZ,G63 AMG,1
224,2567,มิถุนายน,รถยนต์นั่งส่วนบุคคลไม่เกิน 7 คน,MERCEDES BENZ,GLA 200,71
225,2567,มิถุนายน,รถยนต์นั่งส่วนบุคคลไม่เกิน 7 คน,MERCEDES BENZ,GLA 250,1
226,2567,มิถุนายน,รถยนต์นั่งส่วนบุคคลไม่เกิน 7 คน,MERCEDES BENZ,GLC 220 d,14
227,2567,มิถุนายน,รถยนต์นั่งส่วนบุคคลไม่เกิน 7 คน,MERCEDES BENZ,GLC 220 d 4MATIC,30
228,2567,มิถุนายน,รถยนต์นั่งส่วนบุคคลไม่เกิน 7 คน,MERCEDES BENZ,GLC 220 d 4MATIC Coupe,9
229,2567,มิถุนายน,รถยนต์นั่งส่วนบุคคลไม่เกิน 7 คน,MERCEDES BENZ,GLC 250 4MATIC Coupe,2
230,2567,มิถุนายน,รถยนต์นั่งส่วนบุคคลไม่เกิน 7 คน,MERCEDES BENZ,GLC 250 d 4MATIC Coupe,1
231,2567,มิถุนายน,รถยนต์นั่งส่วนบุคคลไม่เกิน 7 คน,MERCEDES BENZ,GLC 300 e 4MATIC,5
232,2567,มิถุนายน,รถยนต์นั่งส่วนบุคคลไม่เกิน 7 คน,MERCEDES BENZ,GLC 300 e 4MATIC Coupe,7
233,2567,มิถุนายน,รถยนต์นั่งส่วนบุคคลไม่เกิน 7 คน,MERCEDES BENZ,GLC 350 e 4MATIC,34
234,2567,มิถุนายน,รถยนต์นั่งส่วนบุคคลไม่เกิน 7 คน,MERCEDES BENZ,GLC 350 e 4MATIC coupe,19
235,2567,มิถุนายน,รถยนต์นั่งส่วนบุคคลไม่เกิน 7 คน,MERCEDES BENZ,GLE 300 d 4MATIC,20
236,2567,มิถุนายน,รถยนต์นั่งส่วนบุคคลไม่เกิน 7 คน,MERCEDES BENZ,GLE 350 de 4MATIC,12
237,2567,มิถุนายน,รถยนต์นั่งส่วนบุคคลไม่เกิน 7 คน,MERCEDES BENZ,GLS 350 d 4MATIC,5
238,2567,มิถุนายน,รถยนต์นั่งส่วนบุคคลไม่เกิน 7 คน,MERCEDES BENZ,GLS 450 d 4MATIC,3
239,2567,มิถุนายน,รถยนต์นั่งส่วนบุคคลไม่เกิน 7 คน,MERCEDES BENZ,Maybach S 580 e,9
240,2567,มิถุนายน,รถยนต์นั่งส่วนบุคคลไม่เกิน 7 คน,MERCEDES BENZ,S 350 d,5
241,2567,มิถุนายน,รถยนต์นั่งส่วนบุคคลไม่เกิน 7 คน,MERCEDES BENZ,S 580 e,5
242,2567,มิถุนายน,รถยนต์นั่งส่วนบุคคลไม่เกิน 7 คน,MERCEDES BENZ,SLC 300,1
243,2567,มิถุนายน,รถยนต์นั่งส่วนบุคคลไม่เกิน 7 คน,MERCEDES BENZ,V 250 d,4
244,2567,มิถุนายน,รถยนต์นั่งส่วนบุคคลไม่เกิน 7 คน,MERCEDES BENZ,,1
245,2567,มิถุนายน,รถยนต์นั่งส่วนบุคคลไม่เกิน 7 คน,MG,EP,88
246,2567,มิถุนายน,รถยนต์นั่งส่วนบุคคลไม่เกิน 7 คน,MG,ES,5
247,2567,มิถุนายน,รถยนต์นั่งส่วนบุคคลไม่เกิน 7 คน,MG,HS,44
248,2567,มิถุนายน,รถยนต์นั่งส่วนบุคคลไม่เกิน 7 คน,MG,HS PHEV,22
249,2567,มิถุนายน,รถยนต์นั่งส่วนบุคคลไม่เกิน 7 คน,MG,MAXUS 9,45
250,2567,มิถุนายน,รถยนต์นั่งส่วนบุคคลไม่เกิน 7 คน,MG,MG EXTENDER,44
251,2567,มิถุนายน,รถยนต์นั่งส่วนบุคคลไม่เกิน 7 คน,MG,MG4 ELECTRIC,425
252,2567,มิถุนายน,รถยนต์นั่งส่วนบุคคลไม่เกิน 7 คน,MG,MG5,285
253,2567,มิถุนายน,รถยนต์นั่งส่วนบุคคลไม่เกิน 7 คน,MG,VS HEV,66
254,2567,มิถุนายน,รถยนต์นั่งส่วนบุคคลไม่เกิน 7 คน,MG,ZS,121
255,2567,มิถุนายน,รถยนต์นั่งส่วนบุคคลไม่เกิน 7 คน,MG,ZS EV,19
256,2567,มิถุนายน,รถยนต์นั่งส่วนบุคคลไม่เกิน 7 คน,MINI,Cooper Clubman RHD,2
257,2567,มิถุนายน,รถยนต์นั่งส่วนบุคคลไม่เกิน 7 คน,MINI,Cooper Hatch RHD,1
258,2567,มิถุนายน,รถยนต์นั่งส่วนบุคคลไม่เกิน 7 คน,MINI,Cooper S Cabrio RHD,1
259,2567,มิถุนายน,รถยนต์นั่งส่วนบุคคลไม่เกิน 7 คน,MINI,Cooper S Clubman RHD,4
260,2567,มิถุนายน,รถยนต์นั่งส่วนบุคคลไม่เกิน 7 คน,MINI,Cooper S Countryman,3
261,2567,มิถุนายน,รถยนต์นั่งส่วนบุคคลไม่เกิน 7 คน,MINI,Cooper S Countryman RHD,86
262,2567,มิถุนายน,รถยนต์นั่งส่วนบุคคลไม่เกิน 7 คน,MINI,Cooper S Hatch RHD,5
263,2567,มิถุนายน,รถยนต์นั่งส่วนบุคคลไม่เกิน 7 คน,MINI,Cooper SE Hatch RHD,8
264,2567,มิถุนายน,รถยนต์นั่งส่วนบุคคลไม่เกิน 7 คน,MINI,John Cooper Works All4 RH,1
265,2567,มิถุนายน,รถยนต์นั่งส่วนบุคคลไม่เกิน 7 คน,MINI,John Cooper Works ALL4 Co,2
266,2567,มิถุนายน,รถยนต์นั่งส่วนบุคคลไม่เกิน 7 คน,MINI,John Cooper Works Hatch R,6
267,2567,มิถุนายน,รถยนต์นั่งส่วนบุคคลไม่เกิน 7 คน,MINI,JOHN COOPER WORKS GP,1
268,2567,มิถุนายน,รถยนต์นั่งส่วนบุคคลไม่เกิน 7 คน,MITSUBISHI,ATTRAGE,459
269,2567,มิถุนายน,รถยนต์นั่งส่วนบุคคลไม่เกิน 7 คน,MITSUBISHI,MIRAGE,302
270,2567,มิถุนายน,รถยนต์นั่งส่วนบุคคลไม่เกิน 7 คน,MITSUBISHI,OUTLANDER PHEV,16
271,2567,มิถุนายน,รถยนต์นั่งส่วนบุคคลไม่เกิน 7 คน,MITSUBISHI,PAJERO SPORT,283
272,2567,มิถุนายน,รถยนต์นั่งส่วนบุคคลไม่เกิน 7 คน,MITSUBISHI,TRITON,325
273,2567,มิถุนายน,รถยนต์นั่งส่วนบุคคลไม่เกิน 7 คน,MITSUBISHI,XPANDER,255
274,2567,มิถุนายน,รถยนต์นั่งส่วนบุคคลไม่เกิน 7 คน,MITSUBISHI,XPANDER CROSS HEV,660
275,2567,มิถุนายน,รถยนต์นั่งส่วนบุคคลไม่เกิน 7 คน,MITSUBISHI,XPANDER HEV,163
276,2567,มิถุนายน,รถยนต์นั่งส่วนบุคคลไม่เกิน 7 คน,NETA,NETA V,437
277,2567,มิถุนายน,รถยนต์นั่งส่วนบุคคลไม่เกิน 7 คน,NEX,NPD,5
278,2567,มิถุนายน,รถยนต์นั่งส่วนบุคคลไม่เกิน 7 คน,NISSAN,ALMERA,348
279,2567,มิถุนายน,รถยนต์นั่งส่วนบุคคลไม่เกิน 7 คน,NISSAN,GT-R,1
280,2567,มิถุนายน,รถยนต์นั่งส่วนบุคคลไม่เกิน 7 คน,NISSAN,GT-R PURE EDITION,1
281,2567,มิถุนายน,รถยนต์นั่งส่วนบุคคลไม่เกิน 7 คน,NISSAN,GT-R TRACK EDITION T-SPEC,1
282,2567,มิถุนายน,รถยนต์นั่งส่วนบุคคลไม่เกิน 7 คน,NISSAN,GTR COUPE RECARO,1
283,2567,มิถุนายน,รถยนต์นั่งส่วนบุคคลไม่เกิน 7 คน,NISSAN,KICKS,358
284,2567,มิถุนายน,รถยนต์นั่งส่วนบุคคลไม่เกิน 7 คน,NISSAN,NAVARA,105
285,2567,มิถุนายน,รถยนต์นั่งส่วนบุคคลไม่เกิน 7 คน,NISSAN,NOTE,1
286,2567,มิถุนายน,รถยนต์นั่งส่วนบุคคลไม่เกิน 7 คน,NISSAN,SERENA E-POWER AUTECH,1
287,2567,มิถุนายน,รถยนต์นั่งส่วนบุคคลไม่เกิน 7 คน,NISSAN,SYLPHY 1.6 E CVT,1
288,2567,มิถุนายน,รถยนต์นั่งส่วนบุคคลไม่เกิน 7 คน,NISSAN,TERRA,43
289,2567,มิถุนายน,รถยนต์นั่งส่วนบุคคลไม่เกิน 7 คน,ORA,GOOD CAT,238
290,2567,มิถุนายน,รถยนต์นั่งส่วนบุคคลไม่เกิน 7 คน,ORA,ORA 07,104
291,2567,มิถุนายน,รถยนต์นั่งส่วนบุคคลไม่เกิน 7 คน,PEUGEOT,2008 P24 BG,2
292,2567,มิถุนายน,รถยนต์นั่งส่วนบุคคลไม่เกิน 7 คน,PEUGEOT,3008 P84 BG,7
293,2567,มิถุนายน,รถยนต์นั่งส่วนบุคคลไม่เกิน 7 คน,PEUGEOT,5008 P87 BG,4
294,2567,มิถุนายน,รถยนต์นั่งส่วนบุคคลไม่เกิน 7 คน,POCCO,DD L2,2
295,2567,มิถุนายน,รถยนต์นั่งส่วนบุคคลไม่เกิน 7 คน,PORSCHE,718 BOXSTER T,3
296,2567,มิถุนายน,รถยนต์นั่งส่วนบุคคลไม่เกิน 7 คน,PORSCHE,718 CAYMAN STYLE EDITION,2
297,2567,มิถุนายน,รถยนต์นั่งส่วนบุคคลไม่เกิน 7 คน,PORSCHE,911 CARRERA,5
298,2567,มิถุนายน,รถยนต์นั่งส่วนบุคคลไม่เกิน 7 คน,PORSCHE,911 CARRERA 4,1
299,2567,มิถุนายน,รถยนต์นั่งส่วนบุคคลไม่เกิน 7 คน,PORSCHE,911 CARRERA 4 GTS,1
300,2567,มิถุนายน,รถยนต์นั่งส่วนบุคคลไม่เกิน 7 คน,PORSCHE,911 CARRERA COUPE,1
301,2567,มิถุนายน,รถยนต์นั่งส่วนบุคคลไม่เกิน 7 คน,PORSCHE,911 CARRERA S,1
302,2567,มิถุนายน,รถยนต์นั่งส่วนบุคคลไม่เกิน 7 คน,PORSCHE,911 CARRERA T,1
303,2567,มิถุนายน,รถยนต์นั่งส่วนบุคคลไม่เกิน 7 คน,PORSCHE,911 DAKAR,3
304,2567,มิถุนายน,รถยนต์นั่งส่วนบุคคลไม่เกิน 7 คน,PORSCHE,911 GT3,1
305,2567,มิถุนายน,รถยนต์นั่งส่วนบุคคลไม่เกิน 7 คน,PORSCHE,911 GT3 RS,1
306,2567,มิถุนายน,รถยนต์นั่งส่วนบุคคลไม่เกิน 7 คน,PORSCHE,911 GT3 WITH T.P.,1
307,2567,มิถุนายน,รถยนต์นั่งส่วนบุคคลไม่เกิน 7 คน,PORSCHE,911 GT3 WITH TOURING PACKAGE,1
308,2567,มิถุนายน,รถยนต์นั่งส่วนบุคคลไม่เกิน 7 คน,PORSCHE,911 TARGA 4 GTS,2
309,2567,มิถุนายน,รถยนต์นั่งส่วนบุคคลไม่เกิน 7 คน,PORSCHE,911 TARGA 4S,2
310,2567,มิถุนายน,รถยนต์นั่งส่วนบุคคลไม่เกิน 7 คน,PORSCHE,911 TURBO S,1
311,2567,มิถุนายน,รถยนต์นั่งส่วนบุคคลไม่เกิน 7 คน,PORSCHE,CAYENNE COUPE,1
312,2567,มิถุนายน,รถยนต์นั่งส่วนบุคคลไม่เกิน 7 คน,PORSCHE,CAYENNE E-HYBRID,7
313,2567,มิถุนายน,รถยนต์นั่งส่วนบุคคลไม่เกิน 7 คน,PORSCHE,CAYENNE E-HYBRID COUPE,40
314,2567,มิถุนายน,รถยนต์นั่งส่วนบุคคลไม่เกิน 7 คน,PORSCHE,CAYENNE E-HYBRID COUPE P.,5
315,2567,มิถุนายน,รถยนต์นั่งส่วนบุคคลไม่เกิน 7 คน,PORSCHE,CAYENNE E-HYBRID PLATINUM,1
316,2567,มิถุนายน,รถยนต์นั่งส่วนบุคคลไม่เกิน 7 คน,PORSCHE,CAYENNE S COUPE,1
317,2567,มิถุนายน,รถยนต์นั่งส่วนบุคคลไม่เกิน 7 คน,PORSCHE,MACAN,17
318,2567,มิถุนายน,รถยนต์นั่งส่วนบุคคลไม่เกิน 7 คน,PORSCHE,MACAN 2.0 PDK,1
319,2567,มิถุนายน,รถยนต์นั่งส่วนบุคคลไม่เกิน 7 คน,PORSCHE,MACAN S,1
320,2567,มิถุนายน,รถยนต์นั่งส่วนบุคคลไม่เกิน 7 คน,PORSCHE,MACAN T,1
321,2567,มิถุนายน,รถยนต์นั่งส่วนบุคคลไม่เกิน 7 คน,PORSCHE,PANAMERA 4 E-HYBRID,2
322,2567,มิถุนายน,รถยนต์นั่งส่วนบุคคลไม่เกิน 7 คน,PORSCHE,PANAMERA 4 E-HYBRID EXEC.,3
323,2567,มิถุนายน,รถยนต์นั่งส่วนบุคคลไม่เกิน 7 คน,PORSCHE,PANAMERA 4 E-HYBRID P.E.,8
324,2567,มิถุนายน,รถยนต์นั่งส่วนบุคคลไม่เกิน 7 คน,PORSCHE,PANAMERA 4 E-HYBRID PLATINUM,2
325,2567,มิถุนายน,รถยนต์นั่งส่วนบุคคลไม่เกิน 7 คน,PORSCHE,PANAMERA 4S E-HYBRID,1
326,2567,มิถุนายน,รถยนต์นั่งส่วนบุคคลไม่เกิน 7 คน,PORSCHE,TAYCAN,10
327,2567,มิถุนายน,รถยนต์นั่งส่วนบุคคลไม่เกิน 7 คน,PORSCHE,TAYCAN 4 CROSS TURISMO,4
328,2567,มิถุนายน,รถยนต์นั่งส่วนบุคคลไม่เกิน 7 คน,PORSCHE,TAYCAN 4S,1
329,2567,มิถุนายน,รถยนต์นั่งส่วนบุคคลไม่เกิน 7 คน,PORSCHE,TAYCAN GTS,2
330,2567,มิถุนายน,รถยนต์นั่งส่วนบุคคลไม่เกิน 7 คน,SUBARU,BRZ 2.4 RWD EyeSight 6AT,4
331,2567,มิถุนายน,รถยนต์นั่งส่วนบุคคลไม่เกิน 7 คน,SUBARU,FORESTER 2.0i-L ES,50
332,2567,มิถุนายน,รถยนต์นั่งส่วนบุคคลไม่เกิน 7 คน,SUBARU,FORESTER 2.0i-S ES,35
333,2567,มิถุนายน,รถยนต์นั่งส่วนบุคคลไม่เกิน 7 คน,SUBARU,OUTBACK 2.5i-T EyeSight,1
334,2567,มิถุนายน,รถยนต์นั่งส่วนบุคคลไม่เกิน 7 คน,SUBARU,WRX 4D 2.4 EyeSight AWD CVT,1
335,2567,มิถุนายน,รถยนต์นั่งส่วนบุคคลไม่เกิน 7 คน,SUBARU,XV 2.0i-P ES,19
336,2567,มิถุนายน,รถยนต์นั่งส่วนบุคคลไม่เกิน 7 คน,SUZUKI,CELERIO GA 1.0L,4
337,2567,มิถุนายน,รถยนต์นั่งส่วนบุคคลไม่เกิน 7 คน,SUZUKI,CELERIO GA 1.0L MT,35
338,2567,มิถุนายน,รถยนต์นั่งส่วนบุคคลไม่เกิน 7 คน,SUZUKI,CELERIO GL 1.0L,4
339,2567,มิถุนายน,รถยนต์นั่งส่วนบุคคลไม่เกิน 7 คน,SUZUKI,CELERIO GL 1.0L CVT,60
340,2567,มิถุนายน,รถยนต์นั่งส่วนบุคคลไม่เกิน 7 คน,SUZUKI,CELERIO GL UP 1.0L CVT,32
341,2567,มิถุนายน,รถยนต์นั่งส่วนบุคคลไม่เกิน 7 คน,SUZUKI,CELERIO GX 1.0L,1
342,2567,มิถุนายน,รถยนต์นั่งส่วนบุคคลไม่เกิน 7 คน,SUZUKI,CELERIO GX 1.0L CVT,68
343,2567,มิถุนายน,รถยนต์นั่งส่วนบุคคลไม่เกิน 7 คน,SUZUKI,CIAZ GL CVT,168
344,2567,มิถุนายน,รถยนต์นั่งส่วนบุคคลไม่เกิน 7 คน,SUZUKI,CIAZ GL MT,48
345,2567,มิถุนายน,รถยนต์นั่งส่วนบุคคลไม่เกิน 7 คน,SUZUKI,CIAZ GLX CVT,10
346,2567,มิถุนายน,รถยนต์นั่งส่วนบุคคลไม่เกิน 7 คน,SUZUKI,CIAZ RS CVT,12
347,2567,มิถุนายน,รถยนต์นั่งส่วนบุคคลไม่เกิน 7 คน,SUZUKI,ERTIGA GL 1.5L,6
348,2567,มิถุนายน,รถยนต์นั่งส่วนบุคคลไม่เกิน 7 คน,SUZUKI,ERTIGA GX 1.5L,13
349,2567,มิถุนายน,รถยนต์นั่งส่วนบุคคลไม่เกิน 7 คน,SUZUKI,JIMNY 1.5L 4AT,8
350,2567,มิถุนายน,รถยนต์นั่งส่วนบุคคลไม่เกิน 7 คน,SUZUKI,JIMNY SIERRA,4
351,2567,มิถุนายน,รถยนต์นั่งส่วนบุคคลไม่เกิน 7 คน,SUZUKI,JIMNY SIERRA 4WD,3
352,2567,มิถุนายน,รถยนต์นั่งส่วนบุคคลไม่เกิน 7 คน,SUZUKI,JIMNY SIERRA JC,2
353,2567,มิถุนายน,รถยนต์นั่งส่วนบุคคลไม่เกิน 7 คน,SUZUKI,JIMNY SIERRA JC 1.5L,2
354,2567,มิถุนายน,รถยนต์นั่งส่วนบุคคลไม่เกิน 7 คน,SUZUKI,JIMNY SIERRA JC 4WD,5
355,2567,มิถุนายน,รถยนต์นั่งส่วนบุคคลไม่เกิน 7 คน,SUZUKI,JIMNY XG MT 4WD,1
356,2567,มิถุนายน,รถยนต์นั่งส่วนบุคคลไม่เกิน 7 คน,SUZUKI,SWIFT GL 1.2L CVT,106
357,2567,มิถุนายน,รถยนต์นั่งส่วนบุคคลไม่เกิน 7 คน,SUZUKI,SWIFT GL NEXT 1.2L CVT,81
358,2567,มิถุนายน,รถยนต์นั่งส่วนบุคคลไม่เกิน 7 คน,SUZUKI,SWIFT GL PLUS 1.2L CVT,1
359,2567,มิถุนายน,รถยนต์นั่งส่วนบุคคลไม่เกิน 7 คน,SUZUKI,SWIFT GLX 1.2L CVT,116
360,2567,มิถุนายน,รถยนต์นั่งส่วนบุคคลไม่เกิน 7 คน,SUZUKI,XL7 1.5L,65
361,2567,มิถุนายน,รถยนต์นั่งส่วนบุคคลไม่เกิน 7 คน,TESLA,Model 3 Performance,164
362,2567,มิถุนายน,รถยนต์นั่งส่วนบุคคลไม่เกิน 7 คน,TESLA,Model 3 Rear-Wheel Drive,134
363,2567,มิถุนายน,รถยนต์นั่งส่วนบุคคลไม่เกิน 7 คน,TESLA,Model Y Rear-Wheel Drive,50
364,2567,มิถุนายน,รถยนต์นั่งส่วนบุคคลไม่เกิน 7 คน,TESLA,MODEL 3 LONG RANGE,159
365,2567,มิถุนายน,รถยนต์นั่งส่วนบุคคลไม่เกิน 7 คน,TESLA,MODEL X 100D,1
366,2567,มิถุนายน,รถยนต์นั่งส่วนบุคคลไม่เกิน 7 คน,TESLA,MODEL Y LONG RANGE,17
367,2567,มิถุนายน,รถยนต์นั่งส่วนบุคคลไม่เกิน 7 คน,TESLA,MODEL Y PERFORMANCE,30
368,2567,มิถุนายน,รถยนต์นั่งส่วนบุคคลไม่เกิน 7 คน,TOYOTA,2.7V Navi,1
369,2567,มิถุนายน,รถยนต์นั่งส่วนบุคคลไม่เกิน 7 คน,TOYOTA,ALPHARD,36
370,2567,มิถุนายน,รถยนต์นั่งส่วนบุคคลไม่เกิน 7 คน,TOYOTA,ALPHARD 2.5 HYBRID S TYPE GOLD,1
371,2567,มิถุนายน,รถยนต์นั่งส่วนบุคคลไม่เกิน 7 คน,TOYOTA,ALPHARD 2.5 HYBRID SRC PACKAGE,5
372,2567,มิถุนายน,รถยนต์นั่งส่วนบุคคลไม่เกิน 7 คน,TOYOTA,ALPHARD 2.5 SC PACKAGE,63
373,2567,มิถุนายน,รถยนต์นั่งส่วนบุคคลไม่เกิน 7 คน,TOYOTA,ALPHARD 2.5 Z,11
374,2567,มิถุนายน,รถยนต์นั่งส่วนบุคคลไม่เกิน 7 คน,TOYOTA,ALPHARD 2.5L SC PACKAGE,6
375,2567,มิถุนายน,รถยนต์นั่งส่วนบุคคลไม่เกิน 7 คน,TOYOTA,ALPHARD HYBRID EXECUTIVE,4
376,2567,มิถุนายน,รถยนต์นั่งส่วนบุคคลไม่เกิน 7 คน,TOYOTA,ALPHARD HYBRID GF PACKAGE,2
377,2567,มิถุนายน,รถยนต์นั่งส่วนบุคคลไม่เกิน 7 คน,TOYOTA,ALPHARD HYBRID SRC PACKAGE,7
378,2567,มิถุนายน,รถยนต์นั่งส่วนบุคคลไม่เกิน 7 คน,TOYOTA,ALPHARD HYBRID Z,23
379,2567,มิถุนายน,รถยนต์นั่งส่วนบุคคลไม่เกิน 7 คน,TOYOTA,ALPHARD HYBRID Z 2.5L,2
380,2567,มิถุนายน,รถยนต์นั่งส่วนบุคคลไม่เกิน 7 คน,TOYOTA,ALPHARD HYBRID Z 2.5L E-FOUR,5
381,2567,มิถุนายน,รถยนต์นั่งส่วนบุคคลไม่เกิน 7 คน,TOYOTA,ALPHARD HYBRID Z E-FOUR,8
382,2567,มิถุนายน,รถยนต์นั่งส่วนบุคคลไม่เกิน 7 คน,TOYOTA,"ALPHARD S ""TYPE GOLD III""",1
383,2567,มิถุนายน,รถยนต์นั่งส่วนบุคคลไม่เกิน 7 คน,TOYOTA,ALPHARD SC PACKAGE,26
384,2567,มิถุนายน,รถยนต์นั่งส่วนบุคคลไม่เกิน 7 คน,TOYOTA,ALPHARD SC PACKAGE 2.5L,44
385,2567,มิถุนายน,รถยนต์นั่งส่วนบุคคลไม่เกิน 7 คน,TOYOTA,ALPHARD SRC HYBRID 2.5L,1
386,2567,มิถุนายน,รถยนต์นั่งส่วนบุคคลไม่เกิน 7 คน,TOYOTA,ALPHARD Z,5
387,2567,มิถุนายน,รถยนต์นั่งส่วนบุคคลไม่เกิน 7 คน,TOYOTA,ALPHARD Z 2.5L,18
388,2567,มิถุนายน,รถยนต์นั่งส่วนบุคคลไม่เกิน 7 คน,TOYOTA,ALPHARD Z 2WD,60
389,2567,มิถุนายน,รถยนต์นั่งส่วนบุคคลไม่เกิน 7 คน,TOYOTA,ALPHARD Z 2WD 2.5L,15
390,2567,มิถุนายน,รถยนต์นั่งส่วนบุคคลไม่เกิน 7 คน,TOYOTA,ALPHARD Z 4WD,2
391,2567,มิถุนายน,รถยนต์นั่งส่วนบุคคลไม่เกิน 7 คน,TOYOTA,ALPHARD Z HYBRID 2.5L,4
392,2567,มิถุนายน,รถยนต์นั่งส่วนบุคคลไม่เกิน 7 คน,TOYOTA,CAMRY,155
393,2567,มิถุนายน,รถยนต์นั่งส่วนบุคคลไม่เกิน 7 คน,TOYOTA,CENTURY,1
394,2567,มิถุนายน,รถยนต์นั่งส่วนบุคคลไม่เกิน 7 คน,TOYOTA,COMMUTER,39
395,2567,มิถุนายน,รถยนต์นั่งส่วนบุคคลไม่เกิน 7 คน,TOYOTA,COROLLA,263
396,2567,มิถุนายน,รถยนต์นั่งส่วนบุคคลไม่เกิน 7 คน,TOYOTA,COROLLA CROSS,1637
397,2567,มิถุนายน,รถยนต์นั่งส่วนบุคคลไม่เกิน 7 คน,TOYOTA,CROWN CROSSOVER G ADVANCED,1
398,2567,มิถุนายน,รถยนต์นั่งส่วนบุคคลไม่เกิน 7 คน,TOYOTA,CROWN CROSSOVER RS ADVANCE,1
399,2567,มิถุนายน,รถยนต์นั่งส่วนบุคคลไม่เกิน 7 คน,TOYOTA,CROWN CROSSOVER RS ADVANCED,4
400,2567,มิถุนายน,รถยนต์นั่งส่วนบุคคลไม่เกิน 7 คน,TOYOTA,CROWN SPORT Z,1
401,2567,มิถุนายน,รถยนต์นั่งส่วนบุคคลไม่เกิน 7 คน,TOYOTA,FORTUNER,1283
402,2567,มิถุนายน,รถยนต์นั่งส่วนบุคคลไม่เกิน 7 คน,TOYOTA,GR SUPRA RZ,3
403,2567,มิถุนายน,รถยนต์นั่งส่วนบุคคลไม่เกิน 7 คน,TOYOTA,GR YARIS RC,1
404,2567,มิถุนายน,รถยนต์นั่งส่วนบุคคลไม่เกิน 7 คน,TOYOTA,GR86 CUP CAR BASIC,5
405,2567,มิถุนายน,รถยนต์นั่งส่วนบุคคลไม่เกิน 7 คน,TOYOTA,GR86 RZ,1
406,2567,มิถุนายน,รถยนต์นั่งส่วนบุคคลไม่เกิน 7 คน,TOYOTA,GR86 RZ 10th ANNIVERSARY,3
407,2567,มิถุนายน,รถยนต์นั่งส่วนบุคคลไม่เกิน 7 คน,TOYOTA,GR86 RZ 2WD,1
408,2567,มิถุนายน,รถยนต์นั่งส่วนบุคคลไม่เกิน 7 คน,TOYOTA,GR86 RZ 40TH ANNIVERSARY,1
409,2567,มิถุนายน,รถยนต์นั่งส่วนบุคคลไม่เกิน 7 คน,TOYOTA,HARRIER HYBRID G,2
410,2567,มิถุนายน,รถยนต์นั่งส่วนบุคคลไม่เกิน 7 คน,TOYOTA,HARRIER HYBRID Z LEATHER,1
411,2567,มิถุนายน,รถยนต์นั่งส่วนบุคคลไม่เกิน 7 คน,TOYOTA,HILUX REVO,2430
412,2567,มิถุนายน,รถยนต์นั่งส่วนบุคคลไม่เกิน 7 คน,TOYOTA,INNOVA,224
413,2567,มิถุนายน,รถยนต์นั่งส่วนบุคคลไม่เกิน 7 คน,TOYOTA,KUN26R-PRASYT  A8,1
414,2567,มิถุนายน,รถยนต์นั่งส่วนบุคคลไม่เกิน 7 คน,TOYOTA,LAND CRUISER 300 ZX,1
415,2567,มิถุนายน,รถยนต์นั่งส่วนบุคคลไม่เกิน 7 คน,TOYOTA,LAND CRUISER 300 ZX DIESEL,1
416,2567,มิถุนายน,รถยนต์นั่งส่วนบุคคลไม่เกิน 7 คน,TOYOTA,LAND CRUISER GR SPORT,1
417,2567,มิถุนายน,รถยนต์นั่งส่วนบุคคลไม่เกิน 7 คน,TOYOTA,LAND CRUISER PRADO TZ G 2.8L,1
418,2567,มิถุนายน,รถยนต์นั่งส่วนบุคคลไม่เกิน 7 คน,TOYOTA,LAND CRUISER ZX,3
419,2567,มิถุนายน,รถยนต์นั่งส่วนบุคคลไม่เกิน 7 คน,TOYOTA,LANDCRUISER PRADO 2.8 DIESEL,1
420,2567,มิถุนายน,รถยนต์นั่งส่วนบุคคลไม่เกิน 7 คน,TOYOTA,NOAH HYBRID S-Z,1
421,2567,มิถุนายน,รถยนต์นั่งส่วนบุคคลไม่เกิน 7 คน,TOYOTA,NOAH HYBRID X,13
422,2567,มิถุนายน,รถยนต์นั่งส่วนบุคคลไม่เกิน 7 คน,TOYOTA,PRIUS Z HYBRID,1
423,2567,มิถุนายน,รถยนต์นั่งส่วนบุคคลไม่เกิน 7 คน,TOYOTA,SIENTA,1
424,2567,มิถุนายน,รถยนต์นั่งส่วนบุคคลไม่เกิน 7 คน,TOYOTA,TR TRANSFORMER,1
425,2567,มิถุนายน,รถยนต์นั่งส่วนบุคคลไม่เกิน 7 คน,TOYOTA,VELLFIRE,12
426,2567,มิถุนายน,รถยนต์นั่งส่วนบุคคลไม่เกิน 7 คน,TOYOTA,VELLFIRE 2.5 HYBRID Z PREMIER,1
427,2567,มิถุนายน,รถยนต์นั่งส่วนบุคคลไม่เกิน 7 คน,TOYOTA,VELLFIRE HYBRID EXECUTIVE,1
428,2567,มิถุนายน,รถยนต์นั่งส่วนบุคคลไม่เกิน 7 คน,TOYOTA,VELLFIRE HYBRID Z PREMIER,31
429,2567,มิถุนายน,รถยนต์นั่งส่วนบุคคลไม่เกิน 7 คน,TOYOTA,VELLFIRE Z G EDITION,1
430,2567,มิถุนายน,รถยนต์นั่งส่วนบุคคลไม่เกิน 7 คน,TOYOTA,VELLFIRE Z PREMIER,9
431,2567,มิถุนายน,รถยนต์นั่งส่วนบุคคลไม่เกิน 7 คน,TOYOTA,VELLFIRE Z PREMIER  2.4L,1
432,2567,มิถุนายน,รถยนต์นั่งส่วนบุคคลไม่เกิน 7 คน,TOYOTA,VELLFIRE Z PREMIER HYBRID 2.5L,2
433,2567,มิถุนายน,รถยนต์นั่งส่วนบุคคลไม่เกิน 7 คน,TOYOTA,VELOZ,363
434,2567,มิถุนายน,รถยนต์นั่งส่วนบุคคลไม่เกิน 7 คน,TOYOTA,VOXY HYBRID S-Z,31
435,2567,มิถุนายน,รถยนต์นั่งส่วนบุคคลไม่เกิน 7 คน,TOYOTA,VOXY HYBRID SZ 1.8L,3
436,2567,มิถุนายน,รถยนต์นั่งส่วนบุคคลไม่เกิน 7 คน,TOYOTA,VOXY SZ 2.0L,1
437,2567,มิถุนายน,รถยนต์นั่งส่วนบุคคลไม่เกิน 7 คน,TOYOTA,VOXY SZ HYBRID 1.8L,1
438,2567,มิถุนายน,รถยนต์นั่งส่วนบุคคลไม่เกิน 7 คน,TOYOTA,YARIS,732
439,2567,มิถุนายน,รถยนต์นั่งส่วนบุคคลไม่เกิน 7 คน,TOYOTA,YARIS ATIV,3893
440,2567,มิถุนายน,รถยนต์นั่งส่วนบุคคลไม่เกิน 7 คน,TOYOTA,YARIS CROSS,3511
441,2567,มิถุนายน,รถยนต์นั่งส่วนบุคคลไม่เกิน 7 คน,TOYOTA,YARIS GRMN CIRCUIT PACKAGE,1
442,2567,มิถุนายน,รถยนต์นั่งส่วนบุคคลไม่เกิน 7 คน,TOYOTA,ZVW30R-AHXEBT  CB,1
443,2567,มิถุนายน,รถยนต์นั่งส่วนบุคคลไม่เกิน 7 คน,VOLKSWAGEN,ID BUZZ,3
444,2567,มิถุนายน,รถยนต์นั่งส่วนบุคคลไม่เกิน 7 คน,VOLKSWAGEN,ID BUZZ 1st EDITION,1
445,2567,มิถุนายน,รถยนต์นั่งส่วนบุคคลไม่เกิน 7 คน,VOLT,VOLT FOR FOUR,3
446,2567,มิถุนายน,รถยนต์นั่งส่วนบุคคลไม่เกิน 7 คน,VOLVO,C40,111
447,2567,มิถุนายน,รถยนต์นั่งส่วนบุคคลไม่เกิน 7 คน,VOLVO,EX30,120
448,2567,มิถุนายน,รถยนต์นั่งส่วนบุคคลไม่เกิน 7 คน,VOLVO,S60,2
449,2567,มิถุนายน,รถยนต์นั่งส่วนบุคคลไม่เกิน 7 คน,VOLVO,S90,8
450,2567,มิถุนายน,รถยนต์นั่งส่วนบุคคลไม่เกิน 7 คน,VOLVO,V60,19
451,2567,มิถุนายน,รถยนต์นั่งส่วนบุคคลไม่เกิน 7 คน,VOLVO,XC40,100
452,2567,มิถุนายน,รถยนต์นั่งส่วนบุคคลไม่เกิน 7 คน,VOLVO,XC60,41
453,2567,มิถุนายน,รถยนต์นั่งส่วนบุคคลไม่เกิน 7 คน,VOLVO,XC90,13
454,2567,มิถุนายน,รถยนต์นั่งส่วนบุคคลไม่เกิน 7 คน,WULING,Air EV LR,28
455,2567,มิถุนายน,รถยนต์นั่งส่วนบุคคลไม่เกิน 7 คน,WULING,Air EV SR,6
456,2567,มิถุนายน,รถยนต์นั่งส่วนบุคคลเกิน 7 คน,FORD,RANGER,46
457,2567,มิถุนายน,รถยนต์นั่งส่วนบุคคลเกิน 7 คน,FORD,RANGER RAPTOR,7
458,2567,มิถุนายน,รถยนต์นั่งส่วนบุคคลเกิน 7 คน,FOTON,BJ6549B1PDA-RA,1
459,2567,มิถุนายน,รถยนต์นั่งส่วนบุคคลเกิน 7 คน,HYUNDAI,H-1,133
460,2567,มิถุนายน,รถยนต์นั่งส่วนบุคคลเกิน 7 คน,HYUNDAI,STARIA,140
461,2567,มิถุนายน,รถยนต์นั่งส่วนบุคคลเกิน 7 คน,ISUZU,D-MAX,32
462,2567,มิถุนายน,รถยนต์นั่งส่วนบุคคลเกิน 7 คน,KIA,CARNIVAL,87
463,2567,มิถุนายน,รถยนต์นั่งส่วนบุคคลเกิน 7 คน,KIA,GRAND CARNIVAL,1
464,2567,มิถุนายน,รถยนต์นั่งส่วนบุคคลเกิน 7 คน,MERCEDES BENZ,SPRINTER 419 CDI VAN,12
465,2567,มิถุนายน,รถยนต์นั่งส่วนบุคคลเกิน 7 คน,MERCEDES BENZ,VITO 119 CDI,7
466,2567,มิถุนายน,รถยนต์นั่งส่วนบุคคลเกิน 7 คน,MITSUBISHI,TRITON,1
467,2567,มิถุนายน,รถยนต์นั่งส่วนบุคคลเกิน 7 คน,NISSAN,NAVARA,12
468,2567,มิถุนายน,รถยนต์นั่งส่วนบุคคลเกิน 7 คน,NISSAN,UVL4RDRE26KWDMER9E,1
469,2567,มิถุนายน,รถยนต์นั่งส่วนบุคคลเกิน 7 คน,SUZUKI,CARRY 1.5L MT,9
470,2567,มิถุนายน,รถยนต์นั่งส่วนบุคคลเกิน 7 คน,SUZUKI,SWIFT GL NEXT 1.2L CVT,1
471,2567,มิถุนายน,รถยนต์นั่งส่วนบุคคลเกิน 7 คน,TATA,SUPER ACE MINT,1
472,2567,มิถุนายน,รถยนต์นั่งส่วนบุคคลเกิน 7 คน,TOYOTA,COMMUTER,630
473,2567,มิถุนายน,รถยนต์นั่งส่วนบุคคลเกิน 7 คน,TOYOTA,HIACE,45
474,2567,มิถุนายน,รถยนต์นั่งส่วนบุคคลเกิน 7 คน,TOYOTA,HIACE MAJESTY,56
475,2567,มิถุนายน,รถยนต์นั่งส่วนบุคคลเกิน 7 คน,TOYOTA,HILUX CHAMP,2
476,2567,มิถุนายน,รถยนต์นั่งส่วนบุคคลเกิน 7 คน,TOYOTA,HILUX REVO,162
477,2567,มิถุนายน,รถยนต์นั่งส่วนบุคคลเกิน 7 คน,TOYOTA,KDH223R-LEMDYT B2,1
478,2567,มิถุนายน,รถยนต์นั่งส่วนบุคคลเกิน 7 คน,VOLKSWAGEN,CARAVELLE COMFORTLINE 2,1
479,2567,มิถุนายน,รถยนต์นั่งส่วนบุคคลเกิน 7 คน,VOLKSWAGEN,CARAVELLE COMFORTLINE2.0L,10
480,2567,มิถุนายน,รถยนต์นั่งส่วนบุคคลเกิน 7 คน,VOLKSWAGEN,CARAVELLE T69 2.0 L,1
481,2567,มิถุนายน,รถยนต์นั่งส่วนบุคคลเกิน 7 คน,VOLKSWAGEN,T6,1
482,2567,มิถุนายน,รถยนต์บรรทุกส่วนบุคคล,BYD,T3,10
483,2567,มิถุนายน,รถยนต์บรรทุกส่วนบุคคล,CHEVROLET,COLORADO X-CAB,1
484,2567,มิถุนายน,รถยนต์บรรทุกส่วนบุคคล,DAIHATSU,HIJET CARGO,7
485,2567,มิถุนายน,รถยนต์บรรทุกส่วนบุคคล,FORD,FORD RANGER iFCX9DH,1
486,2567,มิถุนายน,รถยนต์บรรทุกส่วนบุคคล,FORD,RANGER,202
487,2567,มิถุนายน,รถยนต์บรรทุกส่วนบุคคล,FORD,RANGER SWB,6
488,2567,มิถุนายน,รถยนต์บรรทุกส่วนบุคคล,FOTON,BJ1031EVJA3,7
489,2567,มิถุนายน,รถยนต์บรรทุกส่วนบุคคล,FOTON,BJ1045V8JD3-FA,1
490,2567,มิถุนายน,รถยนต์บรรทุกส่วนบุคคล,HINO,FG8JF1D-JGT,2
491,2567,มิถุนายน,รถยนต์บรรทุกส่วนบุคคล,HINO,FG8JF1D-JJT,2
492,2567,มิถุนายน,รถยนต์บรรทุกส่วนบุคคล,HINO,FG8JJ1A-JJT,2
493,2567,มิถุนายน,รถยนต์บรรทุกส่วนบุคคล,HINO,FM1AN1D-SHT,1
494,2567,มิถุนายน,รถยนต์บรรทุกส่วนบุคคล,HINO,XZU600R-HKMLKT3,54
495,2567,มิถุนายน,รถยนต์บรรทุกส่วนบุคคล,HINO,XZU710R-HKFTLT3,1
496,2567,มิถุนายน,รถยนต์บรรทุกส่วนบุคคล,ISUZU,D-MAX,2457
497,2567,มิถุนายน,รถยนต์บรรทุกส่วนบุคคล,ISUZU,FTR34JXXXB,1
498,2567,มิถุนายน,รถยนต์บรรทุกส่วนบุคคล,ISUZU,FTR34LXXXU,5
499,2567,มิถุนายน,รถยนต์บรรทุกส่วนบุคคล,ISUZU,FTR34PXXXU,1
500,2567,มิถุนายน,รถยนต์บรรทุกส่วนบุคคล,ISUZU,FVZ34QNDXU,4
501,2567,มิถุนายน,รถยนต์บรรทุกส่วนบุคคล,ISUZU,NLR77EXXXW,19
502,2567,มิถุนายน,รถยนต์บรรทุกส่วนบุคคล,ISUZU,NLR85EXSXY,11
503,2567,มิถุนายน,รถยนต์บรรทุกส่วนบุคคล,ISUZU,NLR85EXXXU,172
504,2567,มิถุนายน,รถยนต์บรรทุกส่วนบุคคล,ISUZU,NQR75LXXXU,1
505,2567,มิถุนายน,รถยนต์บรรทุกส่วนบุคคล,MAZDA,MAZDA BT-50,11
506,2567,มิถุนายน,รถยนต์บรรทุกส่วนบุคคล,MERCEDES BENZ,VITO 116 CDI VAN EXTRA LO,1
507,2567,มิถุนายน,รถยนต์บรรทุกส่วนบุคคล,MG,MG EXTENDER,13
508,2567,มิถุนายน,รถยนต์บรรทุกส่วนบุคคล,MITSUBISHI,TRITON,252
509,2567,มิถุนายน,รถยนต์บรรทุกส่วนบุคคล,NISSAN,BGD21SFUA%,1
510,2567,มิถุนายน,รถยนต์บรรทุกส่วนบุคคล,NISSAN,NAVARA,105
511,2567,มิถุนายน,รถยนต์บรรทุกส่วนบุคคล,SERES,EC31,4
512,2567,มิถุนายน,รถยนต์บรรทุกส่วนบุคคล,SUZUKI,CARRY 1.5L MT,83
513,2567,มิถุนายน,รถยนต์บรรทุกส่วนบุคคล,TATA,SUPER ACE MINT,27
514,2567,มิถุนายน,รถยนต์บรรทุกส่วนบุคคล,TATA,XENON,1
515,2567,มิถุนายน,รถยนต์บรรทุกส่วนบุคคล,TOYOTA,COMMUTER,5
516,2567,มิถุนายน,รถยนต์บรรทุกส่วนบุคคล,TOYOTA,HIACE,10
517,2567,มิถุนายน,รถยนต์บรรทุกส่วนบุคคล,TOYOTA,HILUX CHAMP,987
518,2567,มิถุนายน,รถยนต์บรรทุกส่วนบุคคล,TOYOTA,HILUX REVO,4075
519,2567,มิถุนายน,รถยนต์บรรทุกส่วนบุคคล,UD TRUCKS,PKE250HLRM,1
520,2567,มิถุนายน,รถยนต์สามล้อส่วนบุคคล,BIZ NEX,NEX2.0,2
521,2567,มิถุนายน,รถยนต์สามล้อส่วนบุคคล,SUMOTA,,5
522,2567,มิถุนายน,รถยนต์รับจ้างบรรทุกคนโดยสารไม่เกิน 7 คน,AION,AION ES,82
523,2567,มิถุนายน,รถยนต์รับจ้างบรรทุกคนโดยสารไม่เกิน 7 คน,ISUZU,MU-X,1
524,2567,มิถุนายน,รถยนต์รับจ้างบรรทุกคนโดยสารไม่เกิน 7 คน,MG,EP,17
525,2567,มิถุนายน,รถยนต์รับจ้างบรรทุกคนโดยสารไม่เกิน 7 คน,TOYOTA,COROLLA,99
526,2567,มิถุนายน,รถยนต์รับจ้างบรรทุกคนโดยสารไม่เกิน 7 คน,TOYOTA,FORTUNER,1
527,2567,มิถุนายน,รถยนต์รับจ้างสามล้อ,BIZ NEX,NEX2.0,23
528,2567,มิถุนายน,รถยนต์บริการธุรกิจ,ISUZU,D-MAX,1
529,2567,มิถุนายน,รถยนต์บริการธุรกิจ,ISUZU,MU-X,2
530,2567,มิถุนายน,รถยนต์บริการธุรกิจ,TOYOTA,COROLLA,1
531,2567,มิถุนายน,รถยนต์บริการธุรกิจ,TOYOTA,HILUX REVO,1
532,2567,มิถุนายน,รถยนต์บริการทัศนาจร,BMW,520d M Sport,5
533,2567,มิถุนายน,รถยนต์บริการทัศนาจร,BMW,750e xDrive,3
534,2567,มิถุนายน,รถยนต์บริการทัศนาจร,DEEPAL,L07,3
535,2567,มิถุนายน,รถยนต์บริการทัศนาจร,ISUZU,MU-X,15
536,2567,มิถุนายน,รถยนต์บริการทัศนาจร,MITSUBISHI,PAJERO SPORT,1
537,2567,มิถุนายน,รถยนต์บริการทัศนาจร,TOYOTA,CAMRY,2
538,2567,มิถุนายน,รถยนต์บริการทัศนาจร,TOYOTA,COROLLA,1
539,2567,มิถุนายน,รถยนต์บริการทัศนาจร,TOYOTA,FORTUNER,5
540,2567,มิถุนายน,รถยนต์บริการทัศนาจร,TOYOTA,TR TRANSFORMER,7
541,2567,มิถุนายน,รถจักรยานยนต์,AIMA,A500,3
542,2567,มิถุนายน,รถจักรยานยนต์,AJ,C-LIKE,17
543,2567,มิถุนายน,รถจักรยานยนต์,AJ,C-LION,96
544,2567,มิถุนายน,รถจักรยานยนต์,AJ,MINE PLUS,1
545,2567,มิถุนายน,รถจักรยานยนต์,AJ,RAYMAN,4
546,2567,มิถุนายน,รถจักรยานยนต์,AJ,SABER TIGER,6
547,2567,มิถุนายน,รถจักรยานยนต์,AJ,Z3,1
548,2567,มิถุนายน,รถจักรยานยนต์,ALPHA VOLANTIS,HORIZON 150A,7
549,2567,มิถุนายน,รถจักรยานยนต์,ALPHA VOLANTIS,HORIZON 300A,5
550,2567,มิถุนายน,รถจักรยานยนต์,APRILIA,SR GT 200,7
551,2567,มิถุนายน,รถจักรยานยนต์,APRILIA,SR GT 200 SPORT,6
552,2567,มิถุนายน,รถจักรยานยนต์,ARIIC,GEMMA 125,20
553,2567,มิถุนายน,รถจักรยานยนต์,BAJAJ,Dominar D 400,12
554,2567,มิถุนายน,รถจักรยานยนต์,BAJAJ,Pulsar RS 200,2
555,2567,มิถุนายน,รถจักรยานยนต์,BAJAJ,PULSAR NS 160,5
556,2567,มิถุนายน,รถจักรยานยนต์,BAJAJ,PULSAR NS 200,4
557,2567,มิถุนายน,รถจักรยานยนต์,BENELLI,IMPERIALE 400,1
558,2567,มิถุนายน,รถจักรยานยนต์,BENELLI,TNT135,1
559,2567,มิถุนายน,รถจักรยานยนต์,BENELLI,TNT300S,1
560,2567,มิถุนายน,รถจักรยานยนต์,BMW,C 400 GT,17
561,2567,มิถุนายน,รถจักรยานยนต์,BMW,CE 02,2
562,2567,มิถุนายน,รถจักรยานยนต์,BMW,F 850 GS,3
563,2567,มิถุนายน,รถจักรยานยนต์,BMW,F 850 GS Adventure,1
564,2567,มิถุนายน,รถจักรยานยนต์,BMW,F 900 R,1
565,2567,มิถุนายน,รถจักรยานยนต์,BMW,F 900 XR,1
566,2567,มิถุนายน,รถจักรยานยนต์,BMW,G 310 GS,1
567,2567,มิถุนายน,รถจักรยานยนต์,BMW,G 310 R,1
568,2567,มิถุนายน,รถจักรยานยนต์,BMW,R 1250 GS,1
569,2567,มิถุนายน,รถจักรยานยนต์,BMW,R 1250 GS Adventure,9
570,2567,มิถุนายน,รถจักรยานยนต์,BMW,R 1250 RT,3
571,2567,มิถุนายน,รถจักรยานยนต์,BMW,R 1300 GS,14
572,2567,มิถุนายน,รถจักรยานยนต์,BMW,R 18 Roctane,1
573,2567,มิถุนายน,รถจักรยานยนต์,BMW,R nineT,2
574,2567,มิถุนายน,รถจักรยานยนต์,BMW,R nineT Urban G/S,1
575,2567,มิถุนายน,รถจักรยานยนต์,BMW,R18,4
576,2567,มิถุนายน,รถจักรยานยนต์,BMW,R18 Classic,1
577,2567,มิถุนายน,รถจักรยานยนต์,BMW,S 1000 RR,8
578,2567,มิถุนายน,รถจักรยานยนต์,CF,250NK,1
579,2567,มิถุนายน,รถจักรยานยนต์,CINECO,ES5,1
580,2567,มิถุนายน,รถจักรยานยนต์,CYCLONE,RT1,4
581,2567,มิถุนายน,รถจักรยานยนต์,DECO,CJDS60,66
582,2567,มิถุนายน,รถจักรยานยนต์,DECO,DOUBLEACE,6
583,2567,มิถุนายน,รถจักรยานยนต์,DECO,Ekon,2
584,2567,มิถุนายน,รถจักรยานยนต์,DECO,Hannah,198
585,2567,มิถุนายน,รถจักรยานยนต์,DECO,Luciano,94
586,2567,มิถุนายน,รถจักรยานยนต์,DECO,Sally,1
587,2567,มิถุนายน,รถจักรยานยนต์,DECO,Super Ace,55
588,2567,มิถุนายน,รถจักรยานยนต์,DECO,SUSU,15
589,2567,มิถุนายน,รถจักรยานยนต์,DECO,Sylla,1
590,2567,มิถุนายน,รถจักรยานยนต์,DECO,VIGOR,11
591,2567,มิถุนายน,รถจักรยานยนต์,DUCATI,Desert X,3
592,2567,มิถุนายน,รถจักรยานยนต์,DUCATI,Diavel V4,1
593,2567,มิถุนายน,รถจักรยานยนต์,DUCATI,HYPERMOTARD 950 RVE,2
594,2567,มิถุนายน,รถจักรยานยนต์,DUCATI,HYPERMOTARD 950 SP,1
595,2567,มิถุนายน,รถจักรยานยนต์,DUCATI,Monster SP,6
596,2567,มิถุนายน,รถจักรยานยนต์,DUCATI,MONSTER,6
597,2567,มิถุนายน,รถจักรยานยนต์,DUCATI,Multistrada V2 S,1
598,2567,มิถุนายน,รถจักรยานยนต์,DUCATI,PANIGALE V2,1
599,2567,มิถุนายน,รถจักรยานยนต์,DUCATI,SCRAMBLER FULLTHROTTLE 2G,4
600,2567,มิถุนายน,รถจักรยานยนต์,DUCATI,SCRAMBLER ICON 2G,6
601,2567,มิถุนายน,รถจักรยานยนต์,DUCATI,SCRAMBLER NIGHTSHIFT 2G,1
602,2567,มิถุนายน,รถจักรยานยนต์,DUCATI,STREETFIGHTER V4,1
603,2567,มิถุนายน,รถจักรยานยนต์,DUCATI,STREETFIGHTER V4 S,1
604,2567,มิถุนายน,รถจักรยานยนต์,EM,ENZO,79
605,2567,มิถุนายน,รถจักรยานยนต์,EM,LEGEND,296
606,2567,มิถุนายน,รถจักรยานยนต์,EM,OWEN,13
607,2567,มิถุนายน,รถจักรยานยนต์,EM,QAREZ,60
608,2567,มิถุนายน,รถจักรยานยนต์,EVO,ROBOS-V1,1
609,2567,มิถุนายน,รถจักรยานยนต์,FELQ,FW07 SPORT,1
610,2567,มิถุนายน,รถจักรยานยนต์,GPX,200VT0302CS,2
611,2567,มิถุนายน,รถจักรยานยนต์,GPX,CR5,1
612,2567,มิถุนายน,รถจักรยานยนต์,GPX,DEMON GR200R,1
613,2567,มิถุนายน,รถจักรยานยนต์,GPX,DEMON GR200RDACORSA2,34
614,2567,มิถุนายน,รถจักรยานยนต์,GPX,DEMON-150GN,1
615,2567,มิถุนายน,รถจักรยานยนต์,GPX,DEMON-X,2
616,2567,มิถุนายน,รถจักรยานยนต์,GPX,DRONE KEYLESS,209
617,2567,มิถุนายน,รถจักรยานยนต์,GPX,DRONE KEYLESS-S,187
618,2567,มิถุนายน,รถจักรยานยนต์,GPX,DRONE STANDARD,20
619,2567,มิถุนายน,รถจักรยานยนต์,GPX,LEGEND 150Fi,1
620,2567,มิถุนายน,รถจักรยานยนต์,GPX,LEGEND-GENTLEMAN,4
621,2567,มิถุนายน,รถจักรยานยนต์,GPX,LEGEND250 Brighton,1
622,2567,มิถุนายน,รถจักรยานยนต์,GPX,LEGEND250 TWIN III,37
623,2567,มิถุนายน,รถจักรยานยนต์,GPX,NEW DEMON GR200R,9
624,2567,มิถุนายน,รถจักรยานยนต์,GPX,POPZ,2
625,2567,มิถุนายน,รถจักรยานยนต์,GPX,POPZ 110,52
626,2567,มิถุนายน,รถจักรยานยนต์,GPX,ROCK Classic,95
627,2567,มิถุนายน,รถจักรยานยนต์,GPX,ROCK Elegance,1
628,2567,มิถุนายน,รถจักรยานยนต์,GPX,Tuscany150 Keyless,294
629,2567,มิถุนายน,รถจักรยานยนต์,GPX,Tuscany150 Keyset,22
630,2567,มิถุนายน,รถจักรยานยนต์,H SEM,CIAO,1
631,2567,มิถุนายน,รถจักรยานยนต์,H SEM,MOBILA G,1
632,2567,มิถุนายน,รถจักรยานยนต์,HAONAIQI,LION-Q1,11
633,2567,มิถุนายน,รถจักรยานยนต์,HAONAIQI,LION-Q1 SMART,33
634,2567,มิถุนายน,รถจักรยานยนต์,HAONAIQI,LION-Q2,50
635,2567,มิถุนายน,รถจักรยานยนต์,HARLEY DAVIDSON,FLFBS,6
636,2567,มิถุนายน,รถจักรยานยนต์,HARLEY DAVIDSON,FLFBSANV,1
637,2567,มิถุนายน,รถจักรยานยนต์,HARLEY DAVIDSON,FLHCS,3
638,2567,มิถุนายน,รถจักรยานยนต์,HARLEY DAVIDSON,FLHRXS,8
639,2567,มิถุนายน,รถจักรยานยนต์,HARLEY DAVIDSON,FLHTK,7
640,2567,มิถุนายน,รถจักรยานยนต์,HARLEY DAVIDSON,FLHXS,4
641,2567,มิถุนายน,รถจักรยานยนต์,HARLEY DAVIDSON,FLHXST,7
642,2567,มิถุนายน,รถจักรยานยนต์,HARLEY DAVIDSON,FLSB,3
643,2567,มิถุนายน,รถจักรยานยนต์,HARLEY DAVIDSON,FLTRXS,14
644,2567,มิถุนายน,รถจักรยานยนต์,HARLEY DAVIDSON,FLTRXSANV,1
645,2567,มิถุนายน,รถจักรยานยนต์,HARLEY DAVIDSON,FLTRXSE,3
646,2567,มิถุนายน,รถจักรยานยนต์,HARLEY DAVIDSON,FLTRXST,30
647,2567,มิถุนายน,รถจักรยานยนต์,HARLEY DAVIDSON,FXBBS,1
648,2567,มิถุนายน,รถจักรยานยนต์,HARLEY DAVIDSON,FXBR,2
649,2567,มิถุนายน,รถจักรยานยนต์,HARLEY DAVIDSON,FXBRS,1
650,2567,มิถุนายน,รถจักรยานยนต์,HARLEY DAVIDSON,FXFBS,4
651,2567,มิถุนายน,รถจักรยานยนต์,HARLEY DAVIDSON,FXLRS,4
652,2567,มิถุนายน,รถจักรยานยนต์,HARLEY DAVIDSON,FXLRST,24
653,2567,มิถุนายน,รถจักรยานยนต์,HARLEY DAVIDSON,FXST,5
654,2567,มิถุนายน,รถจักรยานยนต์,HARLEY DAVIDSON,RH1250S,14
655,2567,มิถุนายน,รถจักรยานยนต์,HARLEY DAVIDSON,RH975,6
656,2567,มิถุนายน,รถจักรยานยนต์,HARLEY DAVIDSON,RH975S,4
657,2567,มิถุนายน,รถจักรยานยนต์,HARLEY DAVIDSON,ROAD GLIDE CVO ST,2
658,2567,มิถุนายน,รถจักรยานยนต์,HONDA,ADV150,1
659,2567,มิถุนายน,รถจักรยานยนต์,HONDA,ADV160,1673
660,2567,มิถุนายน,รถจักรยานยนต์,HONDA,ADV350,562
661,2567,มิถุนายน,รถจักรยานยนต์,HONDA,C125,142
662,2567,มิถุนายน,รถจักรยานยนต์,HONDA,CB150R,46
663,2567,มิถุนายน,รถจักรยานยนต์,HONDA,CB300R,16
664,2567,มิถุนายน,รถจักรยานยนต์,HONDA,CB500 HORNET,6
665,2567,มิถุนายน,รถจักรยานยนต์,HONDA,CB500X,1
666,2567,มิถุนายน,รถจักรยานยนต์,HONDA,CB650R,13
667,2567,มิถุนายน,รถจักรยานยนต์,HONDA,CB750 HORNET,6
668,2567,มิถุนายน,รถจักรยานยนต์,HONDA,CBR150R,119
669,2567,มิถุนายน,รถจักรยานยนต์,HONDA,CBR250RA,1
670,2567,มิถุนายน,รถจักรยานยนต์,HONDA,CBR250RR,6
671,2567,มิถุนายน,รถจักรยานยนต์,HONDA,CBR300RA,2
672,2567,มิถุนายน,รถจักรยานยนต์,HONDA,CBR500R,44
673,2567,มิถุนายน,รถจักรยานยนต์,HONDA,CBR600RR,2
674,2567,มิถุนายน,รถจักรยานยนต์,HONDA,CBR650R,31
675,2567,มิถุนายน,รถจักรยานยนต์,HONDA,CL300,67
676,2567,มิถุนายน,รถจักรยานยนต์,HONDA,CL500,12
677,2567,มิถุนายน,รถจักรยานยนต์,HONDA,CLICK125,1200
678,2567,มิถุนายน,รถจักรยานยนต์,HONDA,CLICK125I,8
679,2567,มิถุนายน,รถจักรยานยนต์,HONDA,CLICK160,5515
680,2567,มิถุนายน,รถจักรยานยนต์,HONDA,CRF1100L AFRICA TWIN,18
681,2567,มิถุนายน,รถจักรยานยนต์,HONDA,CRF300L,486
682,2567,มิถุนายน,รถจักรยานยนต์,HONDA,CRF300RALLY,47
683,2567,มิถุนายน,รถจักรยานยนต์,HONDA,CRF450RL,8
684,2567,มิถุนายน,รถจักรยานยนต์,HONDA,CT125,327
685,2567,มิถุนายน,รถจักรยานยนต์,HONDA,DAX125,253
686,2567,มิถุนายน,รถจักรยานยนต์,HONDA,FORZA350,3184
687,2567,มิถุนายน,รถจักรยานยนต์,HONDA,GIORNO +,14268
688,2567,มิถุนายน,รถจักรยานยนต์,HONDA,GOLDWING TOUR,2
689,2567,มิถุนายน,รถจักรยานยนต์,HONDA,GROM,80
690,2567,มิถุนายน,รถจักรยานยนต์,HONDA,LEAD125,6143
691,2567,มิถุนายน,รถจักรยานยนต์,HONDA,MONKEY,196
692,2567,มิถุนายน,รถจักรยานยนต์,HONDA,MOOVE,1
693,2567,มิถุนายน,รถจักรยานยนต์,HONDA,MSX GROM,32
694,2567,มิถุนายน,รถจักรยานยนต์,HONDA,MSX125SF,5
695,2567,มิถุนายน,รถจักรยานยนต์,HONDA,NC750X,1
696,2567,มิถุนายน,รถจักรยานยนต์,HONDA,NT1100,3
697,2567,มิถุนายน,รถจักรยานยนต์,HONDA,NX500,131
698,2567,มิถุนายน,รถจักรยานยนต์,HONDA,PCX150,1
699,2567,มิถุนายน,รถจักรยานยนต์,HONDA,PCX160,12512
700,2567,มิถุนายน,รถจักรยานยนต์,HONDA,REBEL,45
701,2567,มิถุนายน,รถจักรยานยนต์,HONDA,REPSOL,1
702,2567,มิถุนายน,รถจักรยานยนต์,HONDA,SCOOPY,15039
703,2567,มิถุนายน,รถจักรยานยนต์,HONDA,SH150I,1
704,2567,มิถุนายน,รถจักรยานยนต์,HONDA,SUPER CUB,1455
705,2567,มิถุนายน,รถจักรยานยนต์,HONDA,WAVE100,1
706,2567,มิถุนายน,รถจักรยานยนต์,HONDA,WAVE110I,37429
707,2567,มิถุนายน,รถจักรยานยนต์,HONDA,WAVE125,1
708,2567,มิถุนายน,รถจักรยานยนต์,HONDA,WAVE125I,22545
709,2567,มิถุนายน,รถจักรยานยนต์,HONDA,X-ADV,41
710,2567,มิถุนายน,รถจักรยานยนต์,HONDA,XL750 TRANSALP,18
711,2567,มิถุนายน,รถจักรยานยนต์,HONDA,Z125MS 3TH,51
712,2567,มิถุนายน,รถจักรยานยนต์,HONDA,Z125MS TH,108
713,2567,มิถุนายน,รถจักรยานยนต์,HONDA,ZOOMER-X,19
714,2567,มิถุนายน,รถจักรยานยนต์,HONDA,,1
715,2567,มิถุนายน,รถจักรยานยนต์,HORWIN,EK 1 MAX,3
716,2567,มิถุนายน,รถจักรยานยนต์,HUSQVARNA,NORDEN 901,1
717,2567,มิถุนายน,รถจักรยานยนต์,HUSQVARNA,SVARTPILEN 200,2
718,2567,มิถุนายน,รถจักรยานยนต์,HUSQVARNA,SVARTPILEN 401,3
719,2567,มิถุนายน,รถจักรยานยนต์,HUSQVARNA,VITPILEN 401,4
720,2567,มิถุนายน,รถจักรยานยนต์,I-MOTOR,VAPOR,44
721,2567,มิถุนายน,รถจักรยานยนต์,INDIAN MOTORCYCLE,CHIEF BOBBER DARK HORSE,1
722,2567,มิถุนายน,รถจักรยานยนต์,KAVALLO,EASY WATT,2
723,2567,มิถุนายน,รถจักรยานยนต์,KAVALLO,VESPAL,11
724,2567,มิถุนายน,รถจักรยานยนต์,KAWASAKI,ELIMINATOR 400,3
725,2567,มิถุนายน,รถจักรยานยนต์,KAWASAKI,ELIMINATOR 400 SE,3
726,2567,มิถุนายน,รถจักรยานยนต์,KAWASAKI,KLR650,1
727,2567,มิถุนายน,รถจักรยานยนต์,KAWASAKI,KLR650 ABS,6
728,2567,มิถุนายน,รถจักรยานยนต์,KAWASAKI,KLR650 ABS ADVENTURE,1
729,2567,มิถุนายน,รถจักรยานยนต์,KAWASAKI,KLR650 ADVENTURE,3
730,2567,มิถุนายน,รถจักรยานยนต์,KAWASAKI,KLX230,10
731,2567,มิถุนายน,รถจักรยานยนต์,KAWASAKI,KLX230 S,4
732,2567,มิถุนายน,รถจักรยานยนต์,KAWASAKI,KLX230 SE,17
733,2567,มิถุนายน,รถจักรยานยนต์,KAWASAKI,KLX230SM SE,3
734,2567,มิถุนายน,รถจักรยานยนต์,KAWASAKI,NINJA 250,4
735,2567,มิถุนายน,รถจักรยานยนต์,KAWASAKI,NINJA ZX-25R ABS SE,1
736,2567,มิถุนายน,รถจักรยานยนต์,KAWASAKI,NINJA ZX-4R SE,3
737,2567,มิถุนายน,รถจักรยานยนต์,KAWASAKI,NINJA ZX-6R,5
738,2567,มิถุนายน,รถจักรยานยนต์,KAWASAKI,NINJA400,5
739,2567,มิถุนายน,รถจักรยานยนต์,KAWASAKI,NINJA400 HG,3
740,2567,มิถุนายน,รถจักรยานยนต์,KAWASAKI,NINJA400 SE,11
741,2567,มิถุนายน,รถจักรยานยนต์,KAWASAKI,NINJA650,2
742,2567,มิถุนายน,รถจักรยานยนต์,KAWASAKI,VERSYS 650,2
743,2567,มิถุนายน,รถจักรยานยนต์,KAWASAKI,VERSYS-X 300 ABS TOURING,2
744,2567,มิถุนายน,รถจักรยานยนต์,KAWASAKI,VICTORS,1
745,2567,มิถุนายน,รถจักรยานยนต์,KAWASAKI,VULCAN S STD,3
746,2567,มิถุนายน,รถจักรยานยนต์,KAWASAKI,W175,7
747,2567,มิถุนายน,รถจักรยานยนต์,KAWASAKI,W250,1
748,2567,มิถุนายน,รถจักรยานยนต์,KAWASAKI,W800,1
749,2567,มิถุนายน,รถจักรยานยนต์,KAWASAKI,W800 STREET,3
750,2567,มิถุนายน,รถจักรยานยนต์,KAWASAKI,Z125 PRO,1
751,2567,มิถุนายน,รถจักรยานยนต์,KAWASAKI,Z125 PRO KRT EDITION,1
752,2567,มิถุนายน,รถจักรยานยนต์,KAWASAKI,Z400 ABS,2
753,2567,มิถุนายน,รถจักรยานยนต์,KAWASAKI,Z650,5
754,2567,มิถุนายน,รถจักรยานยนต์,KAWASAKI,Z650RS,3
755,2567,มิถุนายน,รถจักรยานยนต์,KAWASAKI,Z900 ABS,1
756,2567,มิถุนายน,รถจักรยานยนต์,KAWASAKI,Z900 ABS SE,4
757,2567,มิถุนายน,รถจักรยานยนต์,KAWASAKI,Z900RS,1
758,2567,มิถุนายน,รถจักรยานยนต์,KAWASAKI,ZR900BJF,1
759,2567,มิถุนายน,รถจักรยานยนต์,KEEWAY,JL200GY-4C,1
760,2567,มิถุนายน,รถจักรยานยนต์,KEEWAY,SHINY 150,4
761,2567,มิถุนายน,รถจักรยานยนต์,KEEWAY,V302C,10
762,2567,มิถุนายน,รถจักรยานยนต์,KEEWAY,VERSIRIA 150,26
763,2567,มิถุนายน,รถจักรยานยนต์,KEEWAY,VICTORIA 200,1
764,2567,มิถุนายน,รถจักรยานยนต์,KTM,200 DUKE,7
765,2567,มิถุนายน,รถจักรยานยนต์,KTM,350 EXC-F SIX DAYS,4
766,2567,มิถุนายน,รถจักรยานยนต์,KTM,390 ADVENTURE,2
767,2567,มิถุนายน,รถจักรยานยนต์,KTM,390 DUKE,22
768,2567,มิถุนายน,รถจักรยานยนต์,KTM,790 ADVENTURE,7
769,2567,มิถุนายน,รถจักรยานยนต์,KTM,790 ADVENTURE R,4
770,2567,มิถุนายน,รถจักรยานยนต์,KTM,790 DUKE,2
771,2567,มิถุนายน,รถจักรยานยนต์,KTM,890 DUKE R,1
772,2567,มิถุนายน,รถจักรยานยนต์,KTM,RC390,21
773,2567,มิถุนายน,รถจักรยานยนต์,LAMBRETTA,G350,49
774,2567,มิถุนายน,รถจักรยานยนต์,LAMBRETTA,V200 GP,80
775,2567,มิถุนายน,รถจักรยานยนต์,LAMBRETTA,V200 Special,1
776,2567,มิถุนายน,รถจักรยานยนต์,LAMBRETTA,V200 Special Flex,137
777,2567,มิถุนายน,รถจักรยานยนต์,LAMBRETTA,X200,120
778,2567,มิถุนายน,รถจักรยานยนต์,LAMBRETTA,X300,431
779,2567,มิถุนายน,รถจักรยานยนต์,LIFAN,LF110-26H,1
780,2567,มิถุนายน,รถจักรยานยนต์,LIFAN,LF150-10B,1
781,2567,มิถุนายน,รถจักรยานยนต์,LIFAN,LF250-B,1
782,2567,มิถุนายน,รถจักรยานยนต์,LION,ALPHA EV,1
783,2567,มิถุนายน,รถจักรยานยนต์,LION,E1 EV,2
784,2567,มิถุนายน,รถจักรยานยนต์,LION,MERCURY EV,5
785,2567,มิถุนายน,รถจักรยานยนต์,LION,SKS Z2,527
786,2567,มิถุนายน,รถจักรยานยนต์,LUYUAN,MB5,50
787,2567,มิถุนายน,รถจักรยานยนต์,M BIKE,LC-125,2
788,2567,มิถุนายน,รถจักรยานยนต์,MALAGUTI,MADISON,38
789,2567,มิถุนายน,รถจักรยานยนต์,MODYAK,MY2,11
790,2567,มิถุนายน,รถจักรยานยนต์,MODYAK,MY4,4
791,2567,มิถุนายน,รถจักรยานยนต์,MOTO PARILLA,LEVRIERO150,3
792,2567,มิถุนายน,รถจักรยานยนต์,NKT,GO125,2
793,2567,มิถุนายน,รถจักรยานยนต์,NKT,GTR150,1
794,2567,มิถุนายน,รถจักรยานยนต์,NUVOLA X,NUVOLA X T2,1
795,2567,มิถุนายน,รถจักรยานยนต์,PEUGEOT,DJANGO,1
796,2567,มิถุนายน,รถจักรยานยนต์,PHOENIX ENGINEERING,GUNNER 100,2
797,2567,มิถุนายน,รถจักรยานยนต์,RAPID,SR09,6
798,2567,มิถุนายน,รถจักรยานยนต์,RAPID,SR108,21
799,2567,มิถุนายน,รถจักรยานยนต์,ROYAL ALLOY,Grand Prix,9
800,2567,มิถุนายน,รถจักรยานยนต์,ROYAL ALLOY,Grand Prix TV175,10
801,2567,มิถุนายน,รถจักรยานยนต์,ROYAL ALLOY,Tigara Grande,9
802,2567,มิถุนายน,รถจักรยานยนต์,ROYAL ENFIELD,BULLET 350,28
803,2567,มิถุนายน,รถจักรยานยนต์,ROYAL ENFIELD,CLASSIC 350,71
804,2567,มิถุนายน,รถจักรยานยนต์,ROYAL ENFIELD,CONTINENTAL GT 650,4
805,2567,มิถุนายน,รถจักรยานยนต์,ROYAL ENFIELD,HIMALAYAN,2
806,2567,มิถุนายน,รถจักรยานยนต์,ROYAL ENFIELD,HIMALAYAN 410,10
807,2567,มิถุนายน,รถจักรยานยนต์,ROYAL ENFIELD,HIMALAYAN SCRAM 411,4
808,2567,มิถุนายน,รถจักรยานยนต์,ROYAL ENFIELD,HUNTER 350,43
809,2567,มิถุนายน,รถจักรยานยนต์,ROYAL ENFIELD,INTERCEPTOR 650,26
810,2567,มิถุนายน,รถจักรยานยนต์,ROYAL ENFIELD,METEOR 350 FIREBALL,9
811,2567,มิถุนายน,รถจักรยานยนต์,ROYAL ENFIELD,METEOR 350 STELLAR,12
812,2567,มิถุนายน,รถจักรยานยนต์,ROYAL ENFIELD,METEOR 350 SUPERNOVA,6
813,2567,มิถุนายน,รถจักรยานยนต์,ROYAL ENFIELD,SIGNALS 350,15
814,2567,มิถุนายน,รถจักรยานยนต์,ROYAL ENFIELD,SUPER METEOR 650,43
815,2567,มิถุนายน,รถจักรยานยนต์,RYUKA,CHARLY,2
816,2567,มิถุนายน,รถจักรยานยนต์,RYUKA,CLASSIC CUB,4
817,2567,มิถุนายน,รถจักรยานยนต์,RYUKA,CLASSIC FI,76
818,2567,มิถุนายน,รถจักรยานยนต์,RYUKA,CRUISER,1
819,2567,มิถุนายน,รถจักรยานยนต์,RYUKA,FLY,1
820,2567,มิถุนายน,รถจักรยานยนต์,RYUKA,Retro,1
821,2567,มิถุนายน,รถจักรยานยนต์,RYUKA,Retro150,1
822,2567,มิถุนายน,รถจักรยานยนต์,RYUKA,RK150,4
823,2567,มิถุนายน,รถจักรยานยนต์,RYUKA,SAVE-II S FI,39
824,2567,มิถุนายน,รถจักรยานยนต์,RYUKA,ZSR,1
825,2567,มิถุนายน,รถจักรยานยนต์,SCOMADI,TECHNICA 200i,6
826,2567,มิถุนายน,รถจักรยานยนต์,SCOMADI,TURISMO ELECTRONICA,1
827,2567,มิถุนายน,รถจักรยานยนต์,SCOMADI,TURISMO PICCOLO 125i,1
828,2567,มิถุนายน,รถจักรยานยนต์,SCOMADI,TURISMO TECHNICA 125i,1
829,2567,มิถุนายน,รถจักรยานยนต์,SCOMADI,TURISMO TECHNICA 125I,3
830,2567,มิถุนายน,รถจักรยานยนต์,SCOMADI,TURISMO TECHNICA 200i,7
831,2567,มิถุนายน,รถจักรยานยนต์,SLEEK,SLEEK ONE,149
832,2567,มิถุนายน,รถจักรยานยนต์,SLEEK,SLEEK PLAY,14
833,2567,มิถุนายน,รถจักรยานยนต์,SLEEK,TYPE-V,3
834,2567,มิถุนายน,รถจักรยานยนต์,SLEEK,TYPE-V GT,5
835,2567,มิถุนายน,รถจักรยานยนต์,SOLAR,GROOVE 125A,13
836,2567,มิถุนายน,รถจักรยานยนต์,SOLAR,GROOVE CROSS 125A,4
837,2567,มิถุนายน,รถจักรยานยนต์,SOLAR,PROUD 125A,13
838,2567,มิถุนายน,รถจักรยานยนต์,STALLION,125MINI,1
839,2567,มิถุนายน,รถจักรยานยนต์,STALLIONS,CENTAUR SIAM,1
840,2567,มิถุนายน,รถจักรยานยนต์,STALLIONS,MINI-EV,4
841,2567,มิถุนายน,รถจักรยานยนต์,STALLIONS,VICTORY,1
842,2567,มิถุนายน,รถจักรยานยนต์,STALLIONS,VICTORY VTR125,1
843,2567,มิถุนายน,รถจักรยานยนต์,STROM,CHIMPANZEE CPZ-250L2,1
844,2567,มิถุนายน,รถจักรยานยนต์,STROM,GORILLA GRL-200L,24
845,2567,มิถุนายน,รถจักรยานยนต์,STROM,GORILLA GRL-300L,19
846,2567,มิถุนายน,รถจักรยานยนต์,STROM,Sailfish SFH-150Ls,1
847,2567,มิถุนายน,รถจักรยานยนต์,SUPER SOCO,CPX,1
848,2567,มิถุนายน,รถจักรยานยนต์,SUPER SOCO,CUX,1
849,2567,มิถุนายน,รถจักรยานยนต์,SUPER SOCO,TC MAX,1
850,2567,มิถุนายน,รถจักรยานยนต์,SUZUKI,AVENIS,19
851,2567,มิถุนายน,รถจักรยานยนต์,SUZUKI,BURGMAN 400,24
852,2567,มิถุนายน,รถจักรยานยนต์,SUZUKI,BURGMAN STREET EX,45
853,2567,มิถุนายน,รถจักรยานยนต์,SUZUKI,FL125FS,1
854,2567,มิถุนายน,รถจักรยานยนต์,SUZUKI,FV115JA,23
855,2567,มิถุนายน,รถจักรยานยนต์,SUZUKI,FV115LA,44
856,2567,มิถุนายน,รถจักรยานยนต์,SUZUKI,FV115LB,76
857,2567,มิถุนายน,รถจักรยานยนต์,SUZUKI,FV115LE,50
858,2567,มิถุนายน,รถจักรยานยนต์,SUZUKI,GSX-R150,9
859,2567,มิถุนายน,รถจักรยานยนต์,SUZUKI,GSX-S150,14
860,2567,มิถุนายน,รถจักรยานยนต์,SUZUKI,HAYABUSA,1
861,2567,มิถุนายน,รถจักรยานยนต์,SUZUKI,Let's,1
862,2567,มิถุนายน,รถจักรยานยนต์,SUZUKI,NEX CROSSOVER,7
863,2567,มิถุนายน,รถจักรยานยนต์,SUZUKI,RAIDER,26
864,2567,มิถุนายน,รถจักรยานยนต์,SUZUKI,RAIDER J CROSSOVER,29
865,2567,มิถุนายน,รถจักรยานยนต์,SUZUKI,SKYDRIVE,1
866,2567,มิถุนายน,รถจักรยานยนต์,SUZUKI,SMASH,1
867,2567,มิถุนายน,รถจักรยานยนต์,SUZUKI,UW125FS,2
868,2567,มิถุนายน,รถจักรยานยนต์,SUZUKI,V-Strom,5
869,2567,มิถุนายน,รถจักรยานยนต์,SUZUKI,V-Strom1050,2
870,2567,มิถุนายน,รถจักรยานยนต์,SUZUKI,V-STROM250SX,3
871,2567,มิถุนายน,รถจักรยานยนต์,SUZUKI,V-STROM800DE,5
872,2567,มิถุนายน,รถจักรยานยนต์,TAILG,DRAGONS,6
873,2567,มิถุนายน,รถจักรยานยนต์,TAILG,WARRIOR,23
874,2567,มิถุนายน,รถจักรยานยนต์,THOMAS,CHARMING,2
875,2567,มิถุนายน,รถจักรยานยนต์,THOMAS,CYSTAL,6
876,2567,มิถุนายน,รถจักรยานยนต์,TRIUMPH,BONNEVILLE BOBBER,3
877,2567,มิถุนายน,รถจักรยานยนต์,TRIUMPH,BONNEVILLE T100,15
878,2567,มิถุนายน,รถจักรยานยนต์,TRIUMPH,BONNEVILLE T120,4
879,2567,มิถุนายน,รถจักรยานยนต์,TRIUMPH,BONNEVILLE T120 BLACK,11
880,2567,มิถุนายน,รถจักรยานยนต์,TRIUMPH,BONNEVILLE T120 BLACK DGR LE,1
881,2567,มิถุนายน,รถจักรยานยนต์,TRIUMPH,DAYTONA 660,1
882,2567,มิถุนายน,รถจักรยานยนต์,TRIUMPH,SCRAMBLER 1200 X,1
883,2567,มิถุนายน,รถจักรยานยนต์,TRIUMPH,SCRAMBLER 400 X,60
884,2567,มิถุนายน,รถจักรยานยนต์,TRIUMPH,SCRAMBLER 900,5
885,2567,มิถุนายน,รถจักรยานยนต์,TRIUMPH,SPEED 400,89
886,2567,มิถุนายน,รถจักรยานยนต์,TRIUMPH,SPEED TRIPLE 1200 RR,1
887,2567,มิถุนายน,รถจักรยานยนต์,TRIUMPH,SPEED TRIPLE 1200 RS,1
888,2567,มิถุนายน,รถจักรยานยนต์,TRIUMPH,SPEED TWIN,4
889,2567,มิถุนายน,รถจักรยานยนต์,TRIUMPH,SPEED TWIN 900,11
890,2567,มิถุนายน,รถจักรยานยนต์,TRIUMPH,STREET TRIPLE MOTO2 TM EDITION,1
891,2567,มิถุนายน,รถจักรยานยนต์,TRIUMPH,STREET TRIPLE RS,3
892,2567,มิถุนายน,รถจักรยานยนต์,TRIUMPH,TIGER 1200 RALLY EXPLORER,1
893,2567,มิถุนายน,รถจักรยานยนต์,TRIUMPH,TIGER 850 SPORT,1
894,2567,มิถุนายน,รถจักรยานยนต์,TRIUMPH,TIGER 900 GT PRO,1
895,2567,มิถุนายน,รถจักรยานยนต์,TRIUMPH,TIGER 900 RALLY ARAGON EDITION,1
896,2567,มิถุนายน,รถจักรยานยนต์,TRIUMPH,TIGER 900 RALLY PRO,1
897,2567,มิถุนายน,รถจักรยานยนต์,TRIUMPH,TIGER SPORT,1
898,2567,มิถุนายน,รถจักรยานยนต์,TRIUMPH,TRIDENT,4
899,2567,มิถุนายน,รถจักรยานยนต์,VESPA,GTS 150 IGET ABS,111
900,2567,มิถุนายน,รถจักรยานยนต์,VESPA,GTS 300 ABS SUPER,1
901,2567,มิถุนายน,รถจักรยานยนต์,VESPA,GTS 300 CLASSIC HPE,5
902,2567,มิถุนายน,รถจักรยานยนต์,VESPA,GTS 300 SUPERTECH HPE,13
903,2567,มิถุนายน,รถจักรยานยนต์,VESPA,GTV 300 HPE,20
904,2567,มิถุนายน,รถจักรยานยนต์,VESPA,LX 125 IGET,256
905,2567,มิถุนายน,รถจักรยานยนต์,VESPA,PRIMAVERA 150 IGET ABS,124
906,2567,มิถุนายน,รถจักรยานยนต์,VESPA,PRIMAVERA 150 IGET ABS S,3
907,2567,มิถุนายน,รถจักรยานยนต์,VESPA,S 125 IGET,288
908,2567,มิถุนายน,รถจักรยานยนต์,VESPA,SPRINT 125 IGET ABS,194
909,2567,มิถุนายน,รถจักรยานยนต์,VESPA,SPRINT 150 IGET ABS,902
910,2567,มิถุนายน,รถจักรยานยนต์,VESPA,SPRINT 150 IGET ABS S,47
911,2567,มิถุนายน,รถจักรยานยนต์,VESPA,SPRINT 150 IGET ABS TFT,49
912,2567,มิถุนายน,รถจักรยานยนต์,YAMAHA,4D0C00,1
913,2567,มิถุนายน,รถจักรยานยนต์,YAMAHA,50P100,1
914,2567,มิถุนายน,รถจักรยานยนต์,YAMAHA,50P200,1
915,2567,มิถุนายน,รถจักรยานยนต์,YAMAHA,50S300,1
916,2567,มิถุนายน,รถจักรยานยนต์,YAMAHA,52B200,1
917,2567,มิถุนายน,รถจักรยานยนต์,YAMAHA,AEROX,254
918,2567,มิถุนายน,รถจักรยานยนต์,YAMAHA,AEROX 155,1
919,2567,มิถุนายน,รถจักรยานยนต์,YAMAHA,AEROX ABS,241
920,2567,มิถุนายน,รถจักรยานยนต์,YAMAHA,AEROX R,1
921,2567,มิถุนายน,รถจักรยานยนต์,YAMAHA,EXCITER,231
922,2567,มิถุนายน,รถจักรยานยนต์,YAMAHA,EXCITER150,1
923,2567,มิถุนายน,รถจักรยานยนต์,YAMAHA,Fazzio,2598
924,2567,มิถุนายน,รถจักรยานยนต์,YAMAHA,FINN,3442
925,2567,มิถุนายน,รถจักรยานยนต์,YAMAHA,FINO125,273
926,2567,มิถุนายน,รถจักรยานยนต์,YAMAHA,GRAND FILANO,10310
927,2567,มิถุนายน,รถจักรยานยนต์,YAMAHA,GT125,19
928,2567,มิถุนายน,รถจักรยานยนต์,YAMAHA,JUPITER RC,2
929,2567,มิถุนายน,รถจักรยานยนต์,YAMAHA,M-SLAZ,5
930,2567,มิถุนายน,รถจักรยานยนต์,YAMAHA,MT-03,21
931,2567,มิถุนายน,รถจักรยานยนต์,YAMAHA,MT-07,8
932,2567,มิถุนายน,รถจักรยานยนต์,YAMAHA,MT-09,5
933,2567,มิถุนายน,รถจักรยานยนต์,YAMAHA,MT-09 SP,2
934,2567,มิถุนายน,รถจักรยานยนต์,YAMAHA,MT-15,37
935,2567,มิถุนายน,รถจักรยานยนต์,YAMAHA,NMAX,1755
936,2567,มิถุนายน,รถจักรยานยนต์,YAMAHA,Nouvo SX,1
937,2567,มิถุนายน,รถจักรยานยนต์,YAMAHA,PG-1,282
938,2567,มิถุนายน,รถจักรยานยนต์,YAMAHA,QBIX,2
939,2567,มิถุนายน,รถจักรยานยนต์,YAMAHA,QBIX ABS,4
940,2567,มิถุนายน,รถจักรยานยนต์,YAMAHA,QBIX S,2
941,2567,มิถุนายน,รถจักรยานยนต์,YAMAHA,R7,22
942,2567,มิถุนายน,รถจักรยานยนต์,YAMAHA,Spark 115i,4
943,2567,มิถุนายน,รถจักรยานยนต์,YAMAHA,SPARK LX,2
944,2567,มิถุนายน,รถจักรยานยนต์,YAMAHA,SR400,64
945,2567,มิถุนายน,รถจักรยานยนต์,YAMAHA,TENERE700,5
946,2567,มิถุนายน,รถจักรยานยนต์,YAMAHA,TMAX TECH MAX,7
947,2567,มิถุนายน,รถจักรยานยนต์,YAMAHA,TMAX560,9
948,2567,มิถุนายน,รถจักรยานยนต์,YAMAHA,Tricity,2
949,2567,มิถุนายน,รถจักรยานยนต์,YAMAHA,TRACER 9 GT,2
950,2567,มิถุนายน,รถจักรยานยนต์,YAMAHA,TRACER 9 GT+,1
951,2567,มิถุนายน,รถจักรยานยนต์,YAMAHA,WR155R,48
952,2567,มิถุนายน,รถจักรยานยนต์,YAMAHA,XMAX,1195
953,2567,มิถุนายน,รถจักรยานยนต์,YAMAHA,XMAX 300,5
954,2567,มิถุนายน,รถจักรยานยนต์,YAMAHA,XSR155,73
955,2567,มิถุนายน,รถจักรยานยนต์,YAMAHA,XSR700,2
956,2567,มิถุนายน,รถจักรยานยนต์,YAMAHA,XSR900,2
957,2567,มิถุนายน,รถจักรยานยนต์,YAMAHA,Y-111ED,1
958,2567,มิถุนายน,รถจักรยานยนต์,YAMAHA,YZF-R1,1
959,2567,มิถุนายน,รถจักรยานยนต์,YAMAHA,YZF-R15,113
960,2567,มิถุนายน,รถจักรยานยนต์,YAMAHA,YZF-R15M,27
961,2567,มิถุนายน,รถจักรยานยนต์,YAMAHA,YZF-R1M,1
962,2567,มิถุนายน,รถจักรยานยนต์,YAMAHA,YZF-R3,2
963,2567,มิถุนายน,รถจักรยานยนต์,ZEEHO,AE8+,7
964,2567,มิถุนายน,รถจักรยานยนต์,ZEEHO,AE8S+,4
965,2567,มิถุนายน,รถแทร็กเตอร์,BULL,HD 96,1
966,2567,มิถุนายน,รถแทร็กเตอร์,CASE,570ST 4WD,2
967,2567,มิถุนายน,รถแทร็กเตอร์,CASE IH,A9000,1
968,2567,มิถุนายน,รถแทร็กเตอร์,CAT,D5H XL,1
969,2567,มิถุนายน,รถแทร็กเตอร์,CATERPILLAR,140G,1
970,2567,มิถุนายน,รถแทร็กเตอร์,CATERPILLAR,140GC,1
971,2567,มิถุนายน,รถแทร็กเตอร์,CATERPILLAR,140H,3
972,2567,มิถุนายน,รถแทร็กเตอร์,CATERPILLAR,303.5ECR,1
973,2567,มิถุนายน,รถแทร็กเตอร์,CATERPILLAR,305.5,1
974,2567,มิถุนายน,รถแทร็กเตอร์,CATERPILLAR,307E,1
975,2567,มิถุนายน,รถแทร็กเตอร์,CATERPILLAR,312C,1
976,2567,มิถุนายน,รถแทร็กเตอร์,CATERPILLAR,312D,4
977,2567,มิถุนายน,รถแทร็กเตอร์,CATERPILLAR,312E-2,1
978,2567,มิถุนายน,รถแทร็กเตอร์,CATERPILLAR,313D2GC,3
979,2567,มิถุนายน,รถแทร็กเตอร์,CATERPILLAR,320,3
980,2567,มิถุนายน,รถแทร็กเตอร์,CATERPILLAR,320D,2
981,2567,มิถุนายน,รถแทร็กเตอร์,CATERPILLAR,320D GC,1
982,2567,มิถุนายน,รถแทร็กเตอร์,CATERPILLAR,320D2,4
983,2567,มิถุนายน,รถแทร็กเตอร์,CATERPILLAR,320E,1
984,2567,มิถุนายน,รถแทร็กเตอร์,CATERPILLAR,320GC,6
985,2567,มิถุนายน,รถแทร็กเตอร์,CATERPILLAR,320GX,1
986,2567,มิถุนายน,รถแทร็กเตอร์,CATERPILLAR,330GC,1
987,2567,มิถุนายน,รถแทร็กเตอร์,CATERPILLAR,336,1
988,2567,มิถุนายน,รถแทร็กเตอร์,CATERPILLAR,336D,1
989,2567,มิถุนายน,รถแทร็กเตอร์,CATERPILLAR,336D2,1
990,2567,มิถุนายน,รถแทร็กเตอร์,CATERPILLAR,422F,1
991,2567,มิถุนายน,รถแทร็กเตอร์,CATERPILLAR,426,1
992,2567,มิถุนายน,รถแทร็กเตอร์,CATERPILLAR,966H,2
993,2567,มิถุนายน,รถแทร็กเตอร์,CATERPILLAR,D4C,1
994,2567,มิถุนายน,รถแทร็กเตอร์,CATERPILLAR,D5M,1
995,2567,มิถุนายน,รถแทร็กเตอร์,CATERPILLAR,D5N,1
996,2567,มิถุนายน,รถแทร็กเตอร์,CATERPILLAR,D6M LGP,1
997,2567,มิถุนายน,รถแทร็กเตอร์,CATERPILLAR,D6R2 XL,1
998,2567,มิถุนายน,รถแทร็กเตอร์,CATERPILLAR,M315,1
999,2567,มิถุนายน,รถแทร็กเตอร์,CATERPILLAR,,2
1000,2567,มิถุนายน,รถแทร็กเตอร์,CHENGGONG,CG956H,1
1001,2567,มิถุนายน,รถแทร็กเตอร์,CLAAS,TALOS120,6
1002,2567,มิถุนายน,รถแทร็กเตอร์,DEVELON,DX140W,1
1003,2567,มิถุนายน,รถแทร็กเตอร์,DOOSAN,DX200A,2
1004,2567,มิถุนายน,รถแทร็กเตอร์,DOOSAN,DX200A-7M,1
1005,2567,มิถุนายน,รถแทร็กเตอร์,DOOSAN,DX220A-2,1
1006,2567,มิถุนายน,รถแทร็กเตอร์,EUROTRAC,TB,1
1007,2567,มิถุนายน,รถแทร็กเตอร์,FORD,5000,11
1008,2567,มิถุนายน,รถแทร็กเตอร์,FORD,5600,4
1009,2567,มิถุนายน,รถแทร็กเตอร์,FORD,5610,2
1010,2567,มิถุนายน,รถแทร็กเตอร์,FORD,5640,1
1011,2567,มิถุนายน,รถแทร็กเตอร์,FORD,6410,1
1012,2567,มิถุนายน,รถแทร็กเตอร์,FORD,6600,21
1013,2567,มิถุนายน,รถแทร็กเตอร์,FORD,6610,26
1014,2567,มิถุนายน,รถแทร็กเตอร์,FORD,6610 4WD,1
1015,2567,มิถุนายน,รถแทร็กเตอร์,FORD,6640,4
1016,2567,มิถุนายน,รถแทร็กเตอร์,FORD,6640 4WD,2
1017,2567,มิถุนายน,รถแทร็กเตอร์,FORD,6700,1
1018,2567,มิถุนายน,รถแทร็กเตอร์,FORD,7600,8
1019,2567,มิถุนายน,รถแทร็กเตอร์,FORD,7610,7
1020,2567,มิถุนายน,รถแทร็กเตอร์,FORD,7700,3
1021,2567,มิถุนายน,รถแทร็กเตอร์,FORD,7740,3
1022,2567,มิถุนายน,รถแทร็กเตอร์,FORD,7810,6
1023,2567,มิถุนายน,รถแทร็กเตอร์,FORD,7810 4WD,1
1024,2567,มิถุนายน,รถแทร็กเตอร์,FORD,7840,5
1025,2567,มิถุนายน,รถแทร็กเตอร์,FORD,8010,1
1026,2567,มิถุนายน,รถแทร็กเตอร์,FORD,8240,1
1027,2567,มิถุนายน,รถแทร็กเตอร์,FORD,S115,1
1028,2567,มิถุนายน,รถแทร็กเตอร์,FORD,,16
1029,2567,มิถุนายน,รถแทร็กเตอร์,HITACHI,ZW180-5A,1
1030,2567,มิถุนายน,รถแทร็กเตอร์,HITACHI,ZW220-5B,1
1031,2567,มิถุนายน,รถแทร็กเตอร์,HITACHI,ZX120-3,8
1032,2567,มิถุนายน,รถแทร็กเตอร์,HITACHI,ZX120-5B,2
1033,2567,มิถุนายน,รถแทร็กเตอร์,HITACHI,ZX130-5G,5
1034,2567,มิถุนายน,รถแทร็กเตอร์,HITACHI,ZX200-5G,8
1035,2567,มิถุนายน,รถแทร็กเตอร์,HITACHI,ZX210-6G,6
1036,2567,มิถุนายน,รถแทร็กเตอร์,HITACHI,ZX230LC,1
1037,2567,มิถุนายน,รถแทร็กเตอร์,HITACHI,ZX240LC-5G,1
1038,2567,มิถุนายน,รถแทร็กเตอร์,HITACHI,ZX350H-5G,2
1039,2567,มิถุนายน,รถแทร็กเตอร์,HITACHI,ZX55U-5A,1
1040,2567,มิถุนายน,รถแทร็กเตอร์,HITACHI,ZX70-5G,1
1041,2567,มิถุนายน,รถแทร็กเตอร์,HITACHI,ZX75US-5,1
1042,2567,มิถุนายน,รถแทร็กเตอร์,HOWE TECH,CHR21QEVF,4
1043,2567,มิถุนายน,รถแทร็กเตอร์,HYUNDAI,HX210HD,3
1044,2567,มิถุนายน,รถแทร็กเตอร์,HYUNDAI,HX210S,1
1045,2567,มิถุนายน,รถแทร็กเตอร์,HYUNDAI,HX220S,2
1046,2567,มิถุนายน,รถแทร็กเตอร์,HYUNDAI,HX225S,1
1047,2567,มิถุนายน,รถแทร็กเตอร์,HYUNDAI,HX75S,1
1048,2567,มิถุนายน,รถแทร็กเตอร์,HYUNDAI,R55-7,1
1049,2567,มิถุนายน,รถแทร็กเตอร์,ISEKI,HC80PGBHWE1T,2
1050,2567,มิถุนายน,รถแทร็กเตอร์,ISEKI,NT542FSRE1T,10
1051,2567,มิถุนายน,รถแทร็กเตอร์,ISEKI,NT554FSRE1T,7
1052,2567,มิถุนายน,รถแทร็กเตอร์,ISEKI,NTZ227FRE11T,10
1053,2567,มิถุนายน,รถแทร็กเตอร์,JCB,2DX,2
1054,2567,มิถุนายน,รถแทร็กเตอร์,JCB,3DX PLUS,3
1055,2567,มิถุนายน,รถแทร็กเตอร์,JCB,3DX PRO,2
1056,2567,มิถุนายน,รถแทร็กเตอร์,JCB,JS215LC NXT,2
1057,2567,มิถุนายน,รถแทร็กเตอร์,JINGONG,JGM9085LNZ-9G,3
1058,2567,มิถุนายน,รถแทร็กเตอร์,JOHN DEERE,3028EN,3
1059,2567,มิถุนายน,รถแทร็กเตอร์,JOHN DEERE,3510,1
1060,2567,มิถุนายน,รถแทร็กเตอร์,JOHN DEERE,5040D,14
1061,2567,มิถุนายน,รถแทร็กเตอร์,JOHN DEERE,5045D,1
1062,2567,มิถุนายน,รถแทร็กเตอร์,JOHN DEERE,5050D,4
1063,2567,มิถุนายน,รถแทร็กเตอร์,JOHN DEERE,5050E,4
1064,2567,มิถุนายน,รถแทร็กเตอร์,JOHN DEERE,5055E,2
1065,2567,มิถุนายน,รถแทร็กเตอร์,JOHN DEERE,5082E,1
1066,2567,มิถุนายน,รถแทร็กเตอร์,JOHN DEERE,5310J,1
1067,2567,มิถุนายน,รถแทร็กเตอร์,JOHN DEERE,5610,1
1068,2567,มิถุนายน,รถแทร็กเตอร์,JOHN DEERE,CH3520,1
1069,2567,มิถุนายน,รถแทร็กเตอร์,JOHN DEERE,CH570,8
1070,2567,มิถุนายน,รถแทร็กเตอร์,KIOTI,CK2810,1
1071,2567,มิถุนายน,รถแทร็กเตอร์,KOBELCO,SK120-1,1
1072,2567,มิถุนายน,รถแทร็กเตอร์,KOBELCO,SK120-2,1
1073,2567,มิถุนายน,รถแทร็กเตอร์,KOBELCO,SK120-3,1
1074,2567,มิถุนายน,รถแทร็กเตอร์,KOBELCO,SK125SR,4
1075,2567,มิถุนายน,รถแทร็กเตอร์,KOBELCO,SK130-10,1
1076,2567,มิถุนายน,รถแทร็กเตอร์,KOBELCO,SK130-8,2
1077,2567,มิถุนายน,รถแทร็กเตอร์,KOBELCO,SK135SR-2,3
1078,2567,มิถุนายน,รถแทร็กเตอร์,KOBELCO,SK135SR-3,3
1079,2567,มิถุนายน,รถแทร็กเตอร์,KOBELCO,SK140LC-11,4
1080,2567,มิถุนายน,รถแทร็กเตอร์,KOBELCO,SK140LC-8,1
1081,2567,มิถุนายน,รถแทร็กเตอร์,KOBELCO,SK140LC-8 SUPER XM,8
1082,2567,มิถุนายน,รถแทร็กเตอร์,KOBELCO,SK200,2
1083,2567,มิถุนายน,รถแทร็กเตอร์,KOBELCO,SK200-10,11
1084,2567,มิถุนายน,รถแทร็กเตอร์,KOBELCO,SK200-10 SM,9
1085,2567,มิถุนายน,รถแทร็กเตอร์,KOBELCO,SK200-8 SUPER,1
1086,2567,มิถุนายน,รถแทร็กเตอร์,KOBELCO,SK200-8 SUPER X,1
1087,2567,มิถุนายน,รถแทร็กเตอร์,KOBELCO,SK200-8 SUPER XM,1
1088,2567,มิถุนายน,รถแทร็กเตอร์,KOBELCO,SK210LC-10,1
1089,2567,มิถุนายน,รถแทร็กเตอร์,KOBELCO,SK210LC-8,3
1090,2567,มิถุนายน,รถแทร็กเตอร์,KOBELCO,SK35SR-6,1
1091,2567,มิถุนายน,รถแทร็กเตอร์,KOBELCO,SK45SR-6,1
1092,2567,มิถุนายน,รถแทร็กเตอร์,KOBELCO,SK60-10,1
1093,2567,มิถุนายน,รถแทร็กเตอร์,KOBELCO,SK60-8,1
1094,2567,มิถุนายน,รถแทร็กเตอร์,KOBELCO,SK75SR-3,1
1095,2567,มิถุนายน,รถแทร็กเตอร์,KOBELCO,SK75SR-3E,1
1096,2567,มิถุนายน,รถแทร็กเตอร์,KOMATSU,GD655-5,1
1097,2567,มิถุนายน,รถแทร็กเตอร์,KOMATSU,PC120-6E0,1
1098,2567,มิถุนายน,รถแทร็กเตอร์,KOMATSU,PC120-6Z,1
1099,2567,มิถุนายน,รถแทร็กเตอร์,KOMATSU,PC120-8,3
1100,2567,มิถุนายน,รถแทร็กเตอร์,KOMATSU,PC128US-8,1
1101,2567,มิถุนายน,รถแทร็กเตอร์,KOMATSU,PC130-10M0,1
1102,2567,มิถุนายน,รถแทร็กเตอร์,KOMATSU,PC130-7,1
1103,2567,มิถุนายน,รถแทร็กเตอร์,KOMATSU,PC130-8,3
1104,2567,มิถุนายน,รถแทร็กเตอร์,KOMATSU,PC138US-10,1
1105,2567,มิถุนายน,รถแทร็กเตอร์,KOMATSU,PC200-8,1
1106,2567,มิถุนายน,รถแทร็กเตอร์,KOMATSU,PC200-8M0,6
1107,2567,มิถุนายน,รถแทร็กเตอร์,KOMATSU,PC200-8N1,1
1108,2567,มิถุนายน,รถแทร็กเตอร์,KOMATSU,PC210-10M0,8
1109,2567,มิถุนายน,รถแทร็กเตอร์,KOMATSU,PC30MR-3,2
1110,2567,มิถุนายน,รถแทร็กเตอร์,KOMATSU,PC45MR-3,1
1111,2567,มิถุนายน,รถแทร็กเตอร์,KOMATSU,PC56-7,1
1112,2567,มิถุนายน,รถแทร็กเตอร์,KOMATSU,PC60-5,1
1113,2567,มิถุนายน,รถแทร็กเตอร์,KOMATSU,PC70-8,6
1114,2567,มิถุนายน,รถแทร็กเตอร์,KOMATSU,WA150-6,1
1115,2567,มิถุนายน,รถแทร็กเตอร์,KOMATSU,WA200-1,1
1116,2567,มิถุนายน,รถแทร็กเตอร์,KOMATSU,WA200-6,2
1117,2567,มิถุนายน,รถแทร็กเตอร์,KOMATSU,WA380-3,1
1118,2567,มิถุนายน,รถแทร็กเตอร์,KOMATSU,WA380-6,1
1119,2567,มิถุนายน,รถแทร็กเตอร์,KUBOTA,B2140SD (6C617-11100),27
1120,2567,มิถุนายน,รถแทร็กเตอร์,KUBOTA,B2140SD (6C617-11110),70
1121,2567,มิถุนายน,รถแทร็กเตอร์,KUBOTA,B2401DWO-USA,14
1122,2567,มิถุนายน,รถแทร็กเตอร์,KUBOTA,B2440SD (6C627-11000),196
1123,2567,มิถุนายน,รถแทร็กเตอร์,KUBOTA,B2740SD (6C637-12000),169
1124,2567,มิถุนายน,รถแทร็กเตอร์,KUBOTA,CB-93G-TH-K (5T127-90001),2
1125,2567,มิถุนายน,รถแทร็กเตอร์,KUBOTA,CB70G-1TH (5T277-80000),13
1126,2567,มิถุนายน,รถแทร็กเตอร์,KUBOTA,DC-105X(5T124-00000),1
1127,2567,มิถุนายน,รถแทร็กเตอร์,KUBOTA,DC-108X-TH (5T286-00000),16
1128,2567,มิถุนายน,รถแทร็กเตอร์,KUBOTA,DC-35-TH,1
1129,2567,มิถุนายน,รถแทร็กเตอร์,KUBOTA,DC-93G-MM,2
1130,2567,มิถุนายน,รถแทร็กเตอร์,KUBOTA,DC-93G-TH-K (5T127-00001),7
1131,2567,มิถุนายน,รถแทร็กเตอร์,KUBOTA,DC70G-1TH (5T277-10000),72
1132,2567,มิถุนายน,รถแทร็กเตอร์,KUBOTA,DC70H-1TH (5T276-10000),4
1133,2567,มิถุนายน,รถแทร็กเตอร์,KUBOTA,KX033-4,32
1134,2567,มิถุนายน,รถแทร็กเตอร์,KUBOTA,KX033-4 AC,102
1135,2567,มิถุนายน,รถแทร็กเตอร์,KUBOTA,KX080-3S,2
1136,2567,มิถุนายน,รถแทร็กเตอร์,KUBOTA,KX155-3SZ,1
1137,2567,มิถุนายน,รถแทร็กเตอร์,KUBOTA,KX91-3SX,1
1138,2567,มิถุนายน,รถแทร็กเตอร์,KUBOTA,L3218SP (TC872-15100),33
1139,2567,มิถุนายน,รถแทร็กเตอร์,KUBOTA,L3218SP-F (TC872-16100),80
1140,2567,มิถุนายน,รถแทร็กเตอร์,KUBOTA,L4018SP (TC882-15100),158
1141,2567,มิถุนายน,รถแทร็กเตอร์,KUBOTA,L4018SP-F (TC882-16100),722
1142,2567,มิถุนายน,รถแทร็กเตอร์,KUBOTA,L4018SP-VF (TC882-16500),18
1143,2567,มิถุนายน,รถแทร็กเตอร์,KUBOTA,L4018SP-VT (TC882-15500),13
1144,2567,มิถุนายน,รถแทร็กเตอร์,KUBOTA,L5018SP (TC892-15100),129
1145,2567,มิถุนายน,รถแทร็กเตอร์,KUBOTA,L5018SP-C (TC892-55100),3
1146,2567,มิถุนายน,รถแทร็กเตอร์,KUBOTA,L5018SP-CF (TC892-56100),77
1147,2567,มิถุนายน,รถแทร็กเตอร์,KUBOTA,L5018SP-F (TC892-16100),1189
1148,2567,มิถุนายน,รถแทร็กเตอร์,KUBOTA,L5018SP-SF (TC892-16103),8
1149,2567,มิถุนายน,รถแทร็กเตอร์,KUBOTA,L5018SP-SG (TC892-15103),2
1150,2567,มิถุนายน,รถแทร็กเตอร์,KUBOTA,L5018SP-VF (TC892-16500),93
1151,2567,มิถุนายน,รถแทร็กเตอร์,KUBOTA,L5018SP-VSF (TC892-16503),4
1152,2567,มิถุนายน,รถแทร็กเตอร์,KUBOTA,L5018SP-VT (TC892-15500),17
1153,2567,มิถุนายน,รถแทร็กเตอร์,KUBOTA,L5018SPVTSG (TC892-15503),1
1154,2567,มิถุนายน,รถแทร็กเตอร์,KUBOTA,M108S,23
1155,2567,มิถุนายน,รถแทร็กเตอร์,KUBOTA,M135X,1
1156,2567,มิถุนายน,รถแทร็กเตอร์,KUBOTA,M5000SUD,1
1157,2567,มิถุนายน,รถแทร็กเตอร์,KUBOTA,M6040SU,3
1158,2567,มิถุนายน,รถแทร็กเตอร์,KUBOTA,M6240SUH,201
1159,2567,มิถุนายน,รถแทร็กเตอร์,KUBOTA,M7040,14
1160,2567,มิถุนายน,รถแทร็กเตอร์,KUBOTA,M7040DT,31
1161,2567,มิถุนายน,รถแทร็กเตอร์,KUBOTA,M7508DTH,57
1162,2567,มิถุนายน,รถแทร็กเตอร์,KUBOTA,M8540,1
1163,2567,มิถุนายน,รถแทร็กเตอร์,KUBOTA,M8808DTH,33
1164,2567,มิถุนายน,รถแทร็กเตอร์,KUBOTA,M9540,3
1165,2567,มิถุนายน,รถแทร็กเตอร์,KUBOTA,M9808DTH,66
1166,2567,มิถุนายน,รถแทร็กเตอร์,KUBOTA,MU4902DT (TE012-15000),64
1167,2567,มิถุนายน,รถแทร็กเตอร์,KUBOTA,MU5702DT (TE022-15000),70
1168,2567,มิถุนายน,รถแทร็กเตอร์,KUBOTA,U17,14
1169,2567,มิถุนายน,รถแทร็กเตอร์,KUBOTA,U36-6,2
1170,2567,มิถุนายน,รถแทร็กเตอร์,KUBOTA,U36-6 AC,5
1171,2567,มิถุนายน,รถแทร็กเตอร์,KUBOTA,U55-6 AC,1
1172,2567,มิถุนายน,รถแทร็กเตอร์,KUBOTA,U55-6S AC,58
1173,2567,มิถุนายน,รถแทร็กเตอร์,LIUGONG,816H,1
1174,2567,มิถุนายน,รถแทร็กเตอร์,LIUGONG,835T,1
1175,2567,มิถุนายน,รถแทร็กเตอร์,LIUGONG,CLG4215D,1
1176,2567,มิถุนายน,รถแทร็กเตอร์,LIUGONG,CLG764A,1
1177,2567,มิถุนายน,รถแทร็กเตอร์,LIUGONG,CLG835H,4
1178,2567,มิถุนายน,รถแทร็กเตอร์,LIUGONG,CLG862H,4
1179,2567,มิถุนายน,รถแทร็กเตอร์,LIUGONG,CLG920E,1
1180,2567,มิถุนายน,รถแทร็กเตอร์,LIUGONG,CLGB230C,1
1181,2567,มิถุนายน,รถแทร็กเตอร์,LONKING,CDM835H,3
1182,2567,มิถุนายน,รถแทร็กเตอร์,LOVOL,EURO TB,1
1183,2567,มิถุนายน,รถแทร็กเตอร์,LOVOL,EURO TD,1
1184,2567,มิถุนายน,รถแทร็กเตอร์,LOVOL,EURO TE,1
1185,2567,มิถุนายน,รถแทร็กเตอร์,LOVOL,EURO TH,1
1186,2567,มิถุนายน,รถแทร็กเตอร์,LOVOL,FR60E2-H,1
1187,2567,มิถุนายน,รถแทร็กเตอร์,LUYU,936L,1
1188,2567,มิถุนายน,รถแทร็กเตอร์,MANITOU,TLB 818S,1
1189,2567,มิถุนายน,รถแทร็กเตอร์,MASSEY FERGUSON,MF455,1
1190,2567,มิถุนายน,รถแทร็กเตอร์,MASSEY FERGUSON,MF455 Xtra,1
1191,2567,มิถุนายน,รถแทร็กเตอร์,MASSEY FERGUSON,MF4708 NON CAB,1
1192,2567,มิถุนายน,รถแทร็กเตอร์,MASSEY FERGUSON,MF5710 CAB,1
1193,2567,มิถุนายน,รถแทร็กเตอร์,MITSUBISHI,MG150,1
1194,2567,มิถุนายน,รถแทร็กเตอร์,MITSUBISHI,SR320,1
1195,2567,มิถุนายน,รถแทร็กเตอร์,NEWHOLLAND,6610,1
1196,2567,มิถุนายน,รถแทร็กเตอร์,NEWHOLLAND,6610S 4WD,1
1197,2567,มิถุนายน,รถแทร็กเตอร์,NEWHOLLAND,6640,2
1198,2567,มิถุนายน,รถแทร็กเตอร์,NEWHOLLAND,7610S,1
1199,2567,มิถุนายน,รถแทร็กเตอร์,NEWHOLLAND,7740,5
1200,2567,มิถุนายน,รถแทร็กเตอร์,NEWHOLLAND,7840,6
1201,2567,มิถุนายน,รถแทร็กเตอร์,NEWHOLLAND,8340,1
1202,2567,มิถุนายน,รถแทร็กเตอร์,NEWHOLLAND,B80B,1
1203,2567,มิถุนายน,รถแทร็กเตอร์,NEWHOLLAND,B80C,1
1204,2567,มิถุนายน,รถแทร็กเตอร์,NEWHOLLAND,R47610 1 A 200 01,1
1205,2567,มิถุนายน,รถแทร็กเตอร์,NEWHOLLAND,T6.165,1
1206,2567,มิถุนายน,รถแทร็กเตอร์,NEWHOLLAND,T6010,1
1207,2567,มิถุนายน,รถแทร็กเตอร์,NEWHOLLAND,T6020,2
1208,2567,มิถุนายน,รถแทร็กเตอร์,NEWHOLLAND,T6030,1
1209,2567,มิถุนายน,รถแทร็กเตอร์,NEWHOLLAND,T6070,1
1210,2567,มิถุนายน,รถแทร็กเตอร์,NEWHOLLAND,T7030,2
1211,2567,มิถุนายน,รถแทร็กเตอร์,NEWHOLLAND,T7040,1
1212,2567,มิถุนายน,รถแทร็กเตอร์,NEWHOLLAND,TC48R,3
1213,2567,มิถุนายน,รถแทร็กเตอร์,NEWHOLLAND,TD5.110,3
1214,2567,มิถุนายน,รถแทร็กเตอร์,NEWHOLLAND,TL 5050,1
1215,2567,มิถุนายน,รถแทร็กเตอร์,NEWHOLLAND,TM125,1
1216,2567,มิถุนายน,รถแทร็กเตอร์,NEWHOLLAND,TM155,1
1217,2567,มิถุนายน,รถแทร็กเตอร์,NEWHOLLAND,TS100,1
1218,2567,มิถุนายน,รถแทร็กเตอร์,NEWHOLLAND,TS115,3
1219,2567,มิถุนายน,รถแทร็กเตอร์,NEWHOLLAND,TS115A,1
1220,2567,มิถุนายน,รถแทร็กเตอร์,NEWHOLLAND,TS6000,1
1221,2567,มิถุนายน,รถแทร็กเตอร์,NEWHOLLAND,TT2.50,18
1222,2567,มิถุนายน,รถแทร็กเตอร์,NEWHOLLAND,TT3.40,5
1223,2567,มิถุนายน,รถแทร็กเตอร์,NEWHOLLAND,TT3.50,51
1224,2567,มิถุนายน,รถแทร็กเตอร์,NEWHOLLAND,TT4.65,5
1225,2567,มิถุนายน,รถแทร็กเตอร์,NEWHOLLAND,TT4.75,13
1226,2567,มิถุนายน,รถแทร็กเตอร์,NEWHOLLAND,TT4.90,6
1227,2567,มิถุนายน,รถแทร็กเตอร์,NEWHOLLAND,,1
1228,2567,มิถุนายน,รถแทร็กเตอร์,POWERPLUS,PAT900S,2
1229,2567,มิถุนายน,รถแทร็กเตอร์,SANY,SW966K1,1
1230,2567,มิถุนายน,รถแทร็กเตอร์,SANY,SY135C,5
1231,2567,มิถุนายน,รถแทร็กเตอร์,SANY,SY205C,1
1232,2567,มิถุนายน,รถแทร็กเตอร์,SANY,SY215C,18
1233,2567,มิถุนายน,รถแทร็กเตอร์,SANY,SY245H,1
1234,2567,มิถุนายน,รถแทร็กเตอร์,SANY,SY35U,3
1235,2567,มิถุนายน,รถแทร็กเตอร์,SANY,SY500H,1
1236,2567,มิถุนายน,รถแทร็กเตอร์,SANY,SY55C,1
1237,2567,มิถุนายน,รถแทร็กเตอร์,SANY,SYL956H5,2
1238,2567,มิถุนายน,รถแทร็กเตอร์,SDLG,G9220F,1
1239,2567,มิถุนายน,รถแทร็กเตอร์,SEM,919,1
1240,2567,มิถุนายน,รถแทร็กเตอร์,SOLIS,SOLIS 26-4WD,13
1241,2567,มิถุนายน,รถแทร็กเตอร์,SOLIS,SOLIS 30-4WD,14
1242,2567,มิถุนายน,รถแทร็กเตอร์,SONALIKA,DI-75RX,1
1243,2567,มิถุนายน,รถแทร็กเตอร์,SUMITOMO,HA60W-8,1
1244,2567,มิถุนายน,รถแทร็กเตอร์,SUMITOMO,SH130-6,10
1245,2567,มิถุนายน,รถแทร็กเตอร์,SUMITOMO,SH200-6,1
1246,2567,มิถุนายน,รถแทร็กเตอร์,SUMITOMO,SH210-6,4
1247,2567,มิถุนายน,รถแทร็กเตอร์,SUMITOMO,SH210F-6,5
1248,2567,มิถุนายน,รถแทร็กเตอร์,SUMITOMO,SH210LC-6LR,1
1249,2567,มิถุนายน,รถแทร็กเตอร์,SUMITOMO,SH80-6B,1
1250,2567,มิถุนายน,รถแทร็กเตอร์,SYZG,ZL940G,1
1251,2567,มิถุนายน,รถแทร็กเตอร์,TAKEUCHI,TB175C,1
1252,2567,มิถุนายน,รถแทร็กเตอร์,TCM,ZW220,1
1253,2567,มิถุนายน,รถแทร็กเตอร์,THAISENGYONG,10HT,1
1254,2567,มิถุนายน,รถแทร็กเตอร์,THAISENGYONG,12HT,2
1255,2567,มิถุนายน,รถแทร็กเตอร์,THAISENGYONG,TT7C,1
1256,2567,มิถุนายน,รถแทร็กเตอร์,TPM,SB1 3.5T,1
1257,2567,มิถุนายน,รถแทร็กเตอร์,VOGELE,09.11/S1303-2,1
1258,2567,มิถุนายน,รถแทร็กเตอร์,VOGELE,SUPER1800-3,1
1259,2567,มิถุนายน,รถแทร็กเตอร์,VOLVO,EC200D,2
1260,2567,มิถุนายน,รถแทร็กเตอร์,VOLVO,EC210D,2
1261,2567,มิถุนายน,รถแทร็กเตอร์,VOLVO,EW145B,2
1262,2567,มิถุนายน,รถแทร็กเตอร์,VOLVO,P4370B,1
1263,2567,มิถุนายน,รถแทร็กเตอร์,WEICHAI LOVOL,FLB468-II,2
1264,2567,มิถุนายน,รถแทร็กเตอร์,WEICHAI LOVOL,P4000,1
1265,2567,มิถุนายน,รถแทร็กเตอร์,WEICHAI LOVOL,P4100,1
1266,2567,มิถุนายน,รถแทร็กเตอร์,WIRTGEN,4500RX,1
1267,2567,มิถุนายน,รถแทร็กเตอร์,WIRTGEN,W185CF,1
1268,2567,มิถุนายน,รถแทร็กเตอร์,WIRTGEN,W1900,1
1269,2567,มิถุนายน,รถแทร็กเตอร์,WIRTGEN,W2100,1
1270,2567,มิถุนายน,รถแทร็กเตอร์,WIRTGEN,WR250,1
1271,2567,มิถุนายน,รถแทร็กเตอร์,WORLD,110HP,1
1272,2567,มิถุนายน,รถแทร็กเตอร์,WORLD,115HP,1
1273,2567,มิถุนายน,รถแทร็กเตอร์,WORLD,45HP,2
1274,2567,มิถุนายน,รถแทร็กเตอร์,WORLD,50HP,1
1275,2567,มิถุนายน,รถแทร็กเตอร์,XCMG,LW156FV,1
1276,2567,มิถุนายน,รถแทร็กเตอร์,XCMG,LW186FV,2
1277,2567,มิถุนายน,รถแทร็กเตอร์,XCMG,XC958TH,2
1278,2567,มิถุนายน,รถแทร็กเตอร์,XCMG,XE60GA,1
1279,2567,มิถุนายน,รถแทร็กเตอร์,YANMAR,AW82GV,2
1280,2567,มิถุนายน,รถแทร็กเตอร์,YANMAR,AW82V,1
1281,2567,มิถุนายน,รถแทร็กเตอร์,YANMAR,EF393T,99
1282,2567,มิถุนายน,รถแทร็กเตอร์,YANMAR,EF494T,3
1283,2567,มิถุนายน,รถแทร็กเตอร์,YANMAR,EF514T,3
1284,2567,มิถุนายน,รถแทร็กเตอร์,YANMAR,EF725T,7
1285,2567,มิถุนายน,รถแทร็กเตอร์,YANMAR,SOLIS 105-4WD,6
1286,2567,มิถุนายน,รถแทร็กเตอร์,YANMAR,SOLIS 110-4WD,1
1287,2567,มิถุนายน,รถแทร็กเตอร์,YANMAR,SOLIS 22-4WD,12
1288,2567,มิถุนายน,รถแทร็กเตอร์,YANMAR,SOLIS 26-4WD,39
1289,2567,มิถุนายน,รถแทร็กเตอร์,YANMAR,SOLIS 30-4WD,10
1290,2567,มิถุนายน,รถแทร็กเตอร์,YANMAR,SOLIS 50-4WD,19
1291,2567,มิถุนายน,รถแทร็กเตอร์,YANMAR,SOLIS 90-4WD,4
1292,2567,มิถุนายน,รถแทร็กเตอร์,YANMAR,SOLIS WT-75-4WD,52
1293,2567,มิถุนายน,รถแทร็กเตอร์,YANMAR,VIO17-1,4
1294,2567,มิถุนายน,รถแทร็กเตอร์,YANMAR,VIO30-6B,3
1295,2567,มิถุนายน,รถแทร็กเตอร์,YANMAR,VIO35-6B,11
1296,2567,มิถุนายน,รถแทร็กเตอร์,YANMAR,VIO40-5B,1
1297,2567,มิถุนายน,รถแทร็กเตอร์,YANMAR,VIO50-6B,1
1298,2567,มิถุนายน,รถแทร็กเตอร์,YANMAR,VIO55-6B,10
1299,2567,มิถุนายน,รถแทร็กเตอร์,YANMAR,VIO80-1,1
1300,2567,มิถุนายน,รถแทร็กเตอร์,YANMAR,YH700,3
1301,2567,มิถุนายน,รถแทร็กเตอร์,YANMAR,YH850,3
1302,2567,มิถุนายน,รถแทร็กเตอร์,YANMAR,YM351A,15
1303,2567,มิถุนายน,รถแทร็กเตอร์,YANMAR,YM351R,207
1304,2567,มิถุนายน,รถแทร็กเตอร์,YANMAR,YM357A,70
1305,2567,มิถุนายน,รถแทร็กเตอร์,YANMAR,YM358R,94
1306,2567,มิถุนายน,รถแทร็กเตอร์,ZOOMLION,RK554-A,1
1307,2567,มิถุนายน,รถแทร็กเตอร์,ZOOMLION,ZE135E-10,1
1308,2567,มิถุนายน,รถแทร็กเตอร์,ZOOMLION,ZE215E,1
1309,2567,มิถุนายน,รถแทร็กเตอร์,ZOOMLION,ZE60E-10,1
1310,2567,มิถุนายน,รถแทร็กเตอร์,ZOOMLION,ZE75E-10,1
1311,2567,มิถุนายน,รถบดถนน,BOMAG,BW219 DH-4,1
1312,2567,มิถุนายน,รถบดถนน,BOMAG,BW220 D-5,1
1313,2567,มิถุนายน,รถบดถนน,CATERPILLAR,CB-335D,1
1314,2567,มิถุนายน,รถบดถนน,CATERPILLAR,CC34B,1
1315,2567,มิถุนายน,รถบดถนน,CATERPILLAR,CS533E,1
1316,2567,มิถุนายน,รถบดถนน,DYNAPAC,CA30D,2
1317,2567,มิถุนายน,รถบดถนน,DYNAPAC,CC1250,1
1318,2567,มิถุนายน,รถบดถนน,DYNAPAC,CC143C,1
1319,2567,มิถุนายน,รถบดถนน,DYNAPAC,CC2200,1
1320,2567,มิถุนายน,รถบดถนน,HITACHI,CP220-3,1
1321,2567,มิถุนายน,รถบดถนน,HITACHI,RS120-C,1
1322,2567,มิถุนายน,รถบดถนน,KOMATSU,JV25CW-2,1
1323,2567,มิถุนายน,รถบดถนน,MAX,YZ12HD,1
1324,2567,มิถุนายน,รถบดถนน,SAKAI,SV520DF,1
1325,2567,มิถุนายน,รถบดถนน,SAKAI,SV521DF,1
1326,2567,มิถุนายน,รถบดถนน,SAKAI,SW652H-1K,1
1327,2567,มิถุนายน,รถบดถนน,SAKAI,T2,1
1328,2567,มิถุนายน,รถบดถนน,SAKAI,T600C,3
1329,2567,มิถุนายน,รถบดถนน,SAKAI,TS200,1
1330,2567,มิถุนายน,รถบดถนน,SAKAI,TW450,1
1331,2567,มิถุนายน,รถบดถนน,SAKAI,TW500,1
1332,2567,มิถุนายน,รถบดถนน,SAKAI,TW504,1
1333,2567,มิถุนายน,รถบดถนน,SAKAI,TZ701,1
1334,2567,มิถุนายน,รถบดถนน,SANY,SSR120C-10,2
1335,2567,มิถุนายน,รถบดถนน,SEM,SEM510,1
1336,2567,มิถุนายน,รถบดถนน,WATANABE,WP20,1
1337,2567,มิถุนายน,รถบดถนน,XCMG,XS113E,1
1338,2567,มิถุนายน,รถบดถนน,XCMG,XS123PD,1
1339,2567,มิถุนายน,รถใช้ในงานเกษตรกรรม,ไม่ระบุ,,1
1340,2567,มิถุนายน,รถพ่วง,BAILEY,RANGER 460-2,1
1341,2567,มิถุนายน,รถพ่วง,SWIFT,CHALLENGER 530 SE,1
1342,2567,มิถุนายน,รถพ่วง,ไม่ระบุ,AIRSTREAM,1
1343,2567,มิถุนายน,รถพ่วง,ไม่ระบุ,BEAT BOAT V 24-26 FT,1
1344,2567,มิถุนายน,รถพ่วง,ไม่ระบุ,BEAT BOX 160X300 CM,1
1345,2567,มิถุนายน,รถพ่วง,ไม่ระบุ,BEAT DOUBLE JETSKI,1
1346,2567,มิถุนายน,รถพ่วง,ไม่ระบุ,BEAT FARM 10X5 FT,1
1347,2567,มิถุนายน,รถพ่วง,ไม่ระบุ,BEAT FLAT BED 175X350 CM,1
1348,2567,มิถุนายน,รถพ่วง,ไม่ระบุ,BEAT GENSET II,1
1349,2567,มิถุนายน,รถพ่วง,ไม่ระบุ,BEAT SINGLE ATV SR,1
1350,2567,มิถุนายน,รถพ่วง,ไม่ระบุ,BEAT SINGLE JETSKI,4
1351,2567,มิถุนายน,รถพ่วง,ไม่ระบุ,BEAT WAGON 116X190 CM,1
1352,2567,มิถุนายน,รถพ่วง,ไม่ระบุ,BOAT TRAILER,4
1353,2567,มิถุนายน,รถพ่วง,ไม่ระบุ,BOX VAN TRAILER,6
1354,2567,มิถุนายน,รถพ่วง,ไม่ระบุ,CAMPER,3
1355,2567,มิถุนายน,รถพ่วง,ไม่ระบุ,CARAVAN,6
1356,2567,มิถุนายน,รถพ่วง,ไม่ระบุ,CARAVAN PERFECT,1
1357,2567,มิถุนายน,รถพ่วง,ไม่ระบุ,MCK-MFT2,1
1358,2567,มิถุนายน,รถพ่วง,ไม่ระบุ,MOTERBIKE TRAILER,3
1359,2567,มิถุนายน,รถพ่วง,ไม่ระบุ,TR0505B,1
1360,2567,มิถุนายน,รถพ่วง,ไม่ระบุ,UTILITY TRAILER,21
1361,2567,มิถุนายน,รถพ่วง,ไม่ระบุ,WEINSBERG CARAONE,1
1362,2567,มิถุนายน,รถจักรยานยนต์สาธารณะ,GPX,ROCK Classic,1
1363,2567,มิถุนายน,รถจักรยานยนต์สาธารณะ,HONDA,CLICK125,6
1364,2567,มิถุนายน,รถจักรยานยนต์สาธารณะ,HONDA,GIORNO +,8
1365,2567,มิถุนายน,รถจักรยานยนต์สาธารณะ,HONDA,LEAD125,5
1366,2567,มิถุนายน,รถจักรยานยนต์สาธารณะ,HONDA,SCOOPY,2
1367,2567,มิถุนายน,รถจักรยานยนต์สาธารณะ,HONDA,WAVE110I,8
1368,2567,มิถุนายน,รถจักรยานยนต์สาธารณะ,HONDA,WAVE125I,30
1369,2567,มิถุนายน,รถจักรยานยนต์สาธารณะ,RAPID,SR09,1
1370,2567,มิถุนายน,รถจักรยานยนต์สาธารณะ,SUZUKI,FV115LE,1
1371,2567,มิถุนายน,รถจักรยานยนต์สาธารณะ,TAILG,DRAGONS,3
1372,2567,มิถุนายน,รถจักรยานยนต์สาธารณะ,YAMAHA,Fazzio,1
1373,2567,มิถุนายน,รถจักรยานยนต์สาธารณะ,YAMAHA,FINN,5
1374,2567,มิถุนายน,รถจักรยานยนต์สาธารณะ,YAMAHA,GRAND FILANO,2
